source,title,total_price_yuan,unit_price_yuan_per_m2,area_m2,rooms,location,city,district,block,page
esf,光大花园3室2厅精装修,14990000.0,99271.0,151.0,3室2厅,万柳,北京,海淀,万柳,1
esf,"枫树园稀缺户型,中高楼层,南向朝园区西向视野无遮挡,看房随时",15500000.0,108741.0,142.54,3室2厅,万柳,北京,海淀,万柳,1
esf,万城华府玺园 4室3厅3卫 电梯房 近地铁,70000000.0,166583.0,420.21,4室3厅,万柳,北京,海淀,万柳,1
esf,有钥匙 位置好 碧水云天西区 5室3厅4卫 电梯房 近地铁,43000000.0,140946.0,305.08,5室3厅,万柳,北京,海淀,万柳,1
esf,观西山 顶层 花2居的钱住3居 看房随时 保养好 老业主委托,24000000.0,209442.0,114.59,2室2厅,万柳,北京,海淀,万柳,1
esf,万城华府 好山阁(空中别墅 一层一户)四面采光,85000000.0,215189.0,395.0,5室3厅,万柳,北京,海淀,万柳,1
esf,万柳书院 3室2厅3卫 品质小区 客厅朝南,59000000.0,221147.0,266.79,3室2厅,万柳,北京,海淀,万柳,1
esf,急售 高层远观西山经典南北三居、客厅主卧朝南正对园区花园,21000000.0,139804.0,150.21,3室2厅,万柳,北京,海淀,万柳,1
esf,万城华府 万柳书院 总价低2居 业主诚意出售 老业主委托,21500000.0,186956.0,115.0,2室1厅,万柳,北京,海淀,万柳,1
esf,复式 碧水云天西区 4室2厅2卫 主卧朝南 品质小区,34000000.0,144165.0,235.84,4室2厅,万柳,北京,海淀,万柳,1
esf,全新装修 景观无敌 万泉新新家园 4室 位置好,54000000.0,170886.0,316.0,4室2厅,万柳,北京,海淀,万柳,1
esf,万柳书院万城华府 好山阁(空中别墅 一层一户)四面采光,89500000.0,226582.0,395.0,5室3厅,万柳,北京,海淀,万柳,1
esf,特价必看万柳书院一层下跃有院 5.4折 一口价6280万,62800000.0,147353.0,464.87,5室3厅,万柳,北京,海淀,万柳,1
esf,万城华府 海淀万柳书院一梯一户私密性好科技住宅,51500000.0,194339.0,265.0,4室1厅,海淀,北京,海淀,万柳,1
esf,3室2厅光大水墨风景,21500000.0,146109.0,147.15,3室2厅,万柳,北京,海淀,万柳,1
esf,"30套起看新出景观房 万柳书院 精装修 顶层上跃,有本可交易",85000000.0,178197.0,477.0,5室3厅,万柳,北京,海淀,万柳,1
esf,万泉新新家园 3室2厅2卫 格局方正 客厅朝南,22900000.0,134983.0,169.65,3室2厅,万柳,北京,海淀,万柳,1
esf,3室2厅碧水云天2期,21500000.0,153527.0,140.04,3室2厅,万柳,北京,海淀,万柳,1
esf,30套可看观小区安静 2套打通大平层 三面采光 老业主委托,194000000.0,260402.0,745.0,8室5厅,万柳,北京,海淀,万柳,1
esf,万城华府联排 万柳书院 龙湖颐和原著 北京庄园 缦和北京同看,98000000.0,177858.0,551.0,5室3厅,万柳,北京,海淀,万柳,1
esf,万城华府一层一户 堪比空中别墅好山阁 豪华装修 次新房,98000000.0,261333.0,375.0,5室3厅,万柳,北京,海淀,万柳,1
esf,顶豪 万柳书院 高层观景 珍藏级别大平层 随时可看本房,57000000.0,222517.0,256.16,3室2厅,万柳,北京,海淀,万柳,1
esf,"10套房源起看万城华府,万柳书院,龙湖颐和原著,香山清琴山庄",65000000.0,218216.0,297.87,4室2厅,万柳,北京,海淀,万柳,1
esf,(一层一姓氏 空中真别墅)万城华府(观西山)2车1储,85000000.0,216240.0,393.08,5室3厅,万柳,北京,海淀,万柳,1
esf,"10套房源起看万柳书院,万城华府,龙湖颐和原著,西山龙胤",58000000.0,162921.0,356.0,3室2厅,万柳,北京,海淀,万柳,1
esf,媲美万柳书院 新出平层270度采光 新装可直接入住4居车储,70000000.0,163551.0,428.0,4室3厅,万柳,北京,海淀,万柳,1
esf,(此联排非彼联排)中心位置 400大花院 南入户,125000000.0,229088.0,545.64,6室4厅,万柳,北京,海淀,万柳,1
esf,万城华府空中别墅 大平层好山阁 3车位 豪华装修 拎包入住,93000000.0,244094.0,381.0,5室3厅,万柳,北京,海淀,万柳,1
esf,(随时约看)(复式客厅6.5 挑空)万城华府尚园,60000000.0,220078.0,272.63,5室3厅,万柳,北京,海淀,万柳,1
esf,3室2厅光大水墨风景,23880000.0,156723.0,152.37,3室2厅,万柳,北京,海淀,万柳,1
esf,(随时约看)万柳书院 科技住宅大平层 可议空间大,48990000.0,229246.0,213.7,3室2厅,万柳,北京,海淀,万柳,1
esf,万柳书院 一层带300平米花园 同看万城华府 龙湖颐和原著,85000000.0,205497.0,413.63,5室3厅,万柳,北京,海淀,万柳,1
esf,"蜂鸟社区两居室,带车位,精装修,业主诚意出售,看房随时有钥匙",6000000.0,116211.0,51.63,2室1厅,万柳,北京,海淀,万柳,1
esf,康桥水郡 127.33平2居 南北向简装修 拎包入住,16500000.0,129584.0,127.33,2室1厅,万柳,北京,海淀,万柳,1
esf,万泉新新家园 316平5居 西南北向豪华装修 着急出售,54000000.0,170886.0,316.0,5室3厅,万柳,北京,海淀,万柳,1
esf,5室2厅万泉新新家园,55000000.0,175718.0,313.0,5室2厅,万柳,北京,海淀,万柳,1
esf,"光大水墨风景,南北通透,一层出行便利,位置安静,总成本低",21500000.0,146109.0,147.15,3室2厅,万柳,北京,海淀,万柳,1
esf,山水倾城 4室3厅3卫 格局方正 品质小区,22800000.0,103962.0,219.31,4室3厅,万柳,北京,海淀,万柳,1
esf,万泉新新家园 136.83平3居 南北向精装修 方便看房,18500000.0,135204.0,136.83,3室2厅,万柳,北京,海淀,万柳,1
esf,4室2厅万城华府海园,75000000.0,259578.0,288.93,4室2厅,万柳,北京,海淀,万柳,1
esf,万柳水墨风景南北三居 满五精装低楼层,23880000.0,156723.0,152.37,3室2厅,万柳,北京,海淀,万柳,1
esf,万柳书院 海淀顶豪 有车位 高层边户 (预约可看),58000000.0,215926.0,268.61,3室2厅,万柳,北京,海淀,万柳,1
esf,万柳中路南北通透三居 精装171平中层好房,25800000.0,150279.0,171.68,3室2厅,万柳,北京,海淀,万柳,1
esf,5室2厅万城华府海园,85000000.0,264131.0,321.81,5室2厅,万柳,北京,海淀,万柳,1
esf,海淀顶豪 万柳书院 高层边户大平层 带车位,65000000.0,238970.0,272.0,3室3厅,海淀,北京,海淀,万柳,1
esf,万柳书院275㎡边户4居!3层一梯一户+私享门厅,62000000.0,225192.0,275.0,3室2厅,万柳,北京,海淀,万柳,1
esf,3室2厅光大水墨风景,21500000.0,146109.0,147.15,3室2厅,万柳,北京,海淀,万柳,1
esf,"万柳书院 218.38 平 3 室,观万寿山佛香阁,一梯一户",54000000.0,247275.0,218.38,3室1厅,万柳,北京,海淀,万柳,1
esf,"万城华府海园5层大平层,挑高7.2米,层高3.6米,装修好",98000000.0,261054.0,375.4,5室2厅,万柳,北京,海淀,万柳,1
esf,惊现!万城华府龙园好山阁7层尊席 394㎡一层一户 五阳台,100000000.0,253710.0,394.0,5室3厅,万柳,北京,海淀,万柳,1
esf,万柳洋房+高区两居+ 一梯两户+三面采光+双车位储,28500000.0,130249.0,218.81,4室2厅,万柳,北京,海淀,万柳,1
esf,南北通透涧桥泊屋3室2厅精装修,21800000.0,139698.0,156.05,3室2厅,万柳,北京,海淀,万柳,1
esf,"这套必看 万柳光大花园新出阳面三居室,有钥匙 价格不设限",13980000.0,92699.0,150.81,3室2厅,万柳,北京,海淀,万柳,1
esf,万城华府龙园官邸 307.53㎡大平层 车位 正对公园,76000000.0,247130.0,307.53,4室2厅,万柳,北京,海淀,万柳,1
esf,万泉小三居 有 户型方正 看房效果,18500000.0,135204.0,136.83,3室2厅,万柳,北京,海淀,万柳,1
esf,南北通透万柳书院3室1厅精装修,54000000.0,247275.0,218.38,3室1厅,万柳,北京,海淀,万柳,1
esf,"万城华府海园 345 平 5 室,三面采光9.4米面宽双",81000000.0,234782.0,345.0,4室2厅,万柳,北京,海淀,万柳,1
esf,万泉可用!小南庄1号楼2层边户南向两居 空置 低总价随时签约,4190000.0,76181.0,55.0,2室1厅,万柳,北京,海淀,万柳,2
esf,万柳书院275㎡边户4居!3层一梯一户+私享门厅,62000000.0,225192.0,275.0,3室2厅,万柳,北京,海淀,万柳,2
esf,"这套必看 万柳光大花园新出阳面三居室,有钥匙 价格不设限",13980000.0,92699.0,150.81,3室2厅,万柳,北京,海淀,万柳,2
esf,惊现!万城华府龙园好山阁7层尊席 394㎡一层一户 五阳台,100000000.0,253710.0,394.0,5室3厅,万柳,北京,海淀,万柳,2
esf,"万城华府海园5层大平层,挑高7.2米,层高3.6米,装修好",98000000.0,261054.0,375.4,5室2厅,万柳,北京,海淀,万柳,2
esf,南北通透万柳书院3室1厅精装修,54000000.0,247275.0,218.38,3室1厅,万柳,北京,海淀,万柳,2
esf,3室2厅碧水云天2期,22600000.0,155411.0,145.42,3室2厅,万柳,北京,海淀,万柳,2
esf,3室2厅阳春光华枫树园,14300000.0,113222.0,126.3,3室2厅,万柳,北京,海淀,万柳,2
esf,位置好 万城华府(一层一户 四面采光)业主委托 独嘉房源,86500000.0,218987.0,395.0,5室3厅,万柳,北京,海淀,万柳,2
esf,万柳洋房+板楼+复式带双 旁 中心花园无遮挡,53000000.0,160188.0,330.86,5室3厅,万柳,北京,海淀,万柳,2
esf,怡水园3室2厅精装修,22800000.0,103962.0,219.31,3室2厅,万柳,北京,海淀,万柳,2
esf,20套起看 两梯一户四面采光 5室3厅 万城华府龙园2车1储,86000000.0,220512.0,390.0,5室3厅,万柳,北京,海淀,万柳,2
esf,万城华府龙园 1室2厅1卫 全南户型 主卧朝南,20000000.0,250000.0,80.0,1室2厅,万柳,北京,海淀,万柳,2
esf,"万城华府尚园 楼间距大,顶层层高5.1米可以做豪华装修",70000000.0,234789.0,298.14,4室3厅,万柳,北京,海淀,万柳,2
esf,"万柳华府三期新上豪华装修复式,前后观景,拎包入住。",80000000.0,227920.0,351.0,4室3厅,万柳,北京,海淀,万柳,2
esf,万柳 阳春光华南北3居 一层有园 电梯车位 看房方便,18800000.0,137036.0,137.19,3室2厅,万柳,北京,海淀,万柳,2
esf,阳春光华 4室2厅2卫 带飘窗 带车库,22900000.0,129444.0,176.91,4室2厅,万柳,北京,海淀,万柳,2
esf,康桥水郡 2室2厅2卫 主卧朝南 客厅朝南,16500000.0,129584.0,127.33,2室2厅,万柳,北京,海淀,万柳,2
esf,万柳 碧水云天西区 高层观景 视野好 观看中关村灯光秀,7600000.0,125994.0,60.32,1室1厅,万柳,北京,海淀,万柳,2
esf,"(有钥匙)万柳书院精装高层南北观景平层,满五年,科技住宅",53500000.0,244985.0,218.38,3室2厅,万柳,北京,海淀,万柳,2
esf,万泉新新CEO城市官邸三卧朝南满五年税费少带车位,54000000.0,172111.0,313.75,4室3厅,万柳,北京,海淀,万柳,2
esf,观西山 顶层 花2居的钱住3居 看房随时 保养好 老业主委托,24000000.0,209442.0,114.59,2室2厅,万柳,北京,海淀,万柳,2
esf,万城华府龙园 1室1厅1卫 经典实用 格局方正,16000000.0,201943.0,79.23,1室1厅,万柳,北京,海淀,万柳,2
esf,万柳碧水云天 方正四居 总价低 双车位,25680000.0,144043.0,178.28,4室2厅,万柳,北京,海淀,万柳,2
esf,万柳书院 新出C户型大平层 位于中间位置 明厨明卫 户型方正,67000000.0,254115.0,263.66,3室2厅,万柳,北京,海淀,万柳,2
esf,涧桥泊屋馆 2室2厅2卫 格局方正 品质小区,14990000.0,117845.0,127.2,2室2厅,万柳,北京,海淀,万柳,2
esf,万柳品质第三纯板楼社区 人车分流 中间位置餐客厅分离 钥匙房,22900000.0,153691.0,149.0,3室2厅,万柳,北京,海淀,万柳,2
esf,万城华府龙园 5室3厅4卫 繁华地段 电梯房,76000000.0,247130.0,307.53,5室3厅,万柳,北京,海淀,万柳,2
esf,万城华府海园 5室3厅3卫 格局方正 品质小区,105000000.0,280000.0,375.0,5室3厅,万柳,北京,海淀,万柳,2
esf,万城华府玺园 4室3厅3卫 客厅带阳台 主卧朝南,70000000.0,166583.0,420.21,4室3厅,万柳,北京,海淀,万柳,2
esf,万柳 碧水云天西区 高层观景 视野好 观看中关村灯光秀,7600000.0,125994.0,60.32,1室1厅,万柳,北京,海淀,万柳,2
esf,单独委托 老业主房子 万泉一期四居室 装修保养的好 带车储,34000000.0,165345.0,205.63,4室2厅,万柳,北京,海淀,万柳,2
esf,"出国卖房,懂得来,有产权车位,豪华装修拎包入住,价格可刀",85000000.0,205497.0,413.63,5室2厅,万柳,北京,海淀,万柳,2
esf,康桥水郡 4室2厅2卫 客厅带阳台 客厅朝南,28000000.0,138094.0,202.76,4室2厅,万柳,北京,海淀,万柳,2
esf,3室2厅碧水云天2期,20880000.0,150486.0,138.75,3室2厅,万柳,北京,海淀,万柳,2
esf,"钥匙房万城华府龙园一层好山阁,四面采光,五居室+书房+保姆间",97000000.0,245432.0,395.22,5室3厅,万柳,北京,海淀,万柳,2
esf,康桥水郡 4室2厅2卫 两房朝南 主卧朝南,24300000.0,122597.0,198.21,4室2厅,万柳,北京,海淀,万柳,2
esf,"万城华府全新装修复式官邸,中间位置,满五年带车位",70000000.0,219690.0,318.63,4室3厅,万柳,北京,海淀,万柳,2
esf,万柳万泉新增钥匙房 一二层复式 客厅挑高带车位,31000000.0,129209.0,239.92,5室2厅,万柳,北京,海淀,万柳,2
esf,碧水云天西区 1室1厅1卫 格局方正,7900000.0,96671.0,81.72,1室1厅,万柳,北京,海淀,万柳,2
esf,南北通透涧桥泊屋3室2厅精装修,25800000.0,150279.0,171.68,3室2厅,万柳,北京,海淀,万柳,2
esf,涧桥泊屋馆 4室2厅2卫 带飘窗 卫生间全明,32500000.0,177275.0,183.33,4室2厅,万柳,北京,海淀,万柳,2
esf,急售 高层远观西山经典南北三居、客厅主卧朝南正对园区花园,21000000.0,139804.0,150.21,3室2厅,万柳,北京,海淀,万柳,2
esf,光大水墨风景 3室2厅2卫 客厅朝南 主卧朝南,21900000.0,145399.0,150.62,3室2厅,万柳,北京,海淀,万柳,2
esf,"碧水云天复试豪宅,实际使用360平,楼上楼下双入户,位置好,",43000000.0,140983.0,305.0,7室2厅,万柳,北京,海淀,万柳,2
esf,万城华府尚园 4室3厅3卫 客厅带阳台 格局方正,70000000.0,233933.0,299.23,4室3厅,万柳,北京,海淀,万柳,2
esf,光大水墨风景 3室2厅2卫 带飘窗 客厅带阳台,21800000.0,148027.0,147.27,3室2厅,万柳,北京,海淀,万柳,2
esf,万城华府海园 4室3厅4卫 格局方正,72000000.0,239776.0,300.28,4室3厅,万柳,北京,海淀,万柳,2
esf,碧水云天西区 4室2厅2卫 品质小区 带飘窗,34000000.0,144165.0,235.84,4室2厅,万柳,北京,海淀,万柳,2
esf,万柳万泉新增东向一居室 满二年税费少 大落地窗采光好 可看房,6400000.0,115544.0,55.39,1室1厅,万柳,北京,海淀,万柳,2
esf,万城华府龙园 1室2厅1卫 品质小区 经典实用,13500000.0,172899.0,78.08,1室2厅,万柳,北京,海淀,万柳,2
esf,万柳书院 3室2厅2卫 主卧朝南 客厅朝南,55000000.0,252432.0,217.88,3室2厅,万柳,北京,海淀,万柳,2
esf,碧水云天 180.12平4居 南北向精装修 方便看房,20150000.0,111869.0,180.12,4室2厅,万柳,北京,海淀,万柳,2
esf,"万城华府龙湖颐和原著对比,豪华装修好位置好",93000000.0,244094.0,381.0,5室3厅,万柳,北京,海淀,万柳,2
esf,万城华府龙园 1室2厅1卫 格局方正 品质小区,13500000.0,172899.0,78.08,1室2厅,万柳,北京,海淀,万柳,2
esf,小南庄 61.5平2居 南北向精装修 视野无遮挡,3790000.0,61626.0,61.5,2室1厅,万柳,北京,海淀,万柳,2
esf,万城华府海园 4室3厅3卫 经典实用 主卧朝南,70000000.0,220125.0,318.0,4室3厅,万柳,北京,海淀,万柳,2
esf,"碧水云天三居室,业主诚意卖,价格好谈,欢迎咨询",15500000.0,133230.0,116.34,3室2厅,万柳,北京,海淀,万柳,3
esf,涧桥泊屋馆 3室2厅1卫 品质小区 经典实用,21000000.0,151384.0,138.72,3室2厅,万柳,北京,海淀,万柳,3
esf,万城华府海园 4室3厅4卫 格局方正,72000000.0,239776.0,300.28,4室3厅,万柳,北京,海淀,万柳,3
esf,万柳书院 3室2厅2卫 主卧朝南 客厅朝南,55000000.0,252432.0,217.88,3室2厅,万柳,北京,海淀,万柳,3
esf,碧水云天 180.12平4居 南北向精装修 方便看房,20150000.0,111869.0,180.12,4室2厅,万柳,北京,海淀,万柳,3
esf,万城华府海园 4室3厅3卫 经典实用 主卧朝南,70000000.0,220125.0,318.0,4室3厅,万柳,北京,海淀,万柳,3
esf,光大水墨风景 3室2厅2卫 带飘窗 客厅带阳台,21800000.0,148027.0,147.27,3室2厅,万柳,北京,海淀,万柳,3
esf,"碧水云天复试豪宅,实际使用360平,楼上楼下双入户,位置好,",43000000.0,140983.0,305.0,7室2厅,万柳,北京,海淀,万柳,3
esf,万柳万泉新增东向一居室 满二年税费少 大落地窗采光好 可看房,6400000.0,115544.0,55.39,1室1厅,万柳,北京,海淀,万柳,3
esf,懋源·璟岳4室2厅豪华装修,25500000.0,122009.0,209.0,4室2厅,万柳,北京,海淀,万柳,3
esf,海淀西三环 低密花园洋房 近人大 3室2厅万泉新新家园,26500000.0,144864.0,182.93,3室2厅,海淀,北京,海淀,万柳,3
esf,南北通透涧桥泊屋4室2厅,32000000.0,174786.0,183.08,4室2厅,万柳,北京,海淀,万柳,3
esf,4室2厅万泉新新家园,29800000.0,148962.0,200.05,4室2厅,万柳,北京,海淀,万柳,3
esf,新起点嘉园3室2厅精装修,16880000.0,106801.0,158.05,3室2厅,万柳,北京,海淀,万柳,3
esf,康桥水郡4室2厅精装修,45500000.0,179133.0,254.0,4室2厅,万柳,北京,海淀,万柳,3
esf,涧桥泊屋2室1厅精装修,15500000.0,134782.0,115.0,2室1厅,万柳,北京,海淀,万柳,3
esf,4室2厅万泉新新家园,39800000.0,167262.0,237.95,4室2厅,万柳,北京,海淀,万柳,3
esf,3室2厅碧水云天1期,19500000.0,141921.0,137.4,3室2厅,万柳,北京,海淀,万柳,3
esf,3室2厅万泉新新家园,23800000.0,134920.0,176.4,3室2厅,万柳,北京,海淀,万柳,3
esf,南北通透万柳书院3室1厅精装修,54000000.0,247275.0,218.38,3室1厅,万柳,北京,海淀,万柳,3
esf,3室2厅阳春光华枫树园,14300000.0,113222.0,126.3,3室2厅,万柳,北京,海淀,万柳,3
esf,康桥水郡1室1厅企业推荐房源,7100000.0,144661.0,49.08,1室1厅,万柳,北京,海淀,万柳,3
esf,2室2厅阳春光华枫树园,11000000.0,102803.0,107.0,2室2厅,万柳,北京,海淀,万柳,3
esf,4室1厅锋尚国际公寓,24800000.0,160705.0,154.32,4室1厅,万柳,北京,海淀,万柳,3
esf,懋源·璟岳4室2厅精装修,16800000.0,102520.0,163.87,4室2厅,万柳,北京,海淀,万柳,3
esf,"海淀双地铁万柳万泉新家园精装5居,高端大平层经典户型亲自拍摄",53000000.0,160188.0,330.86,5室3厅,海淀,北京,海淀,万柳,3
esf,3室2厅碧水云天2期,23980000.0,166227.0,144.26,3室2厅,万柳,北京,海淀,万柳,3
esf,南北通透康桥水郡4室2厅精装修,28000000.0,138613.0,202.0,4室2厅,万柳,北京,海淀,万柳,3
esf,3室1厅碧水云天2期,18880000.0,131111.0,144.0,3室1厅,万柳,北京,海淀,万柳,3
esf,万柳书院3室2厅精装修,62000000.0,225192.0,275.32,3室2厅,万柳,北京,海淀,万柳,3
esf,2室1厅阳春光华枫树园,9500000.0,103452.0,91.83,2室1厅,万柳,北京,海淀,万柳,3
esf,南北通透涧桥泊屋3室2厅精装修,25500000.0,155175.0,164.33,3室2厅,万柳,北京,海淀,万柳,3
esf,3室2厅万泉新新家园,24800000.0,154603.0,160.41,3室2厅,万柳,北京,海淀,万柳,3
esf,万城华府龙园 394.15平5居 业主诚意高 拎包入住 急售,100000000.0,253710.0,394.15,5室3厅,万柳,北京,海淀,万柳,3
esf,4室2厅碧水云天1期,25680000.0,144043.0,178.28,4室2厅,万柳,北京,海淀,万柳,3
esf,万柳锋尚国际公寓 西向两居 简装中层 126168元/平,12990000.0,121231.0,107.15,2室2厅,万柳,北京,海淀,万柳,3
esf,3室2厅碧水云天2期,16500000.0,145618.0,113.31,3室2厅,万柳,北京,海淀,万柳,3
esf,3室2厅碧水云天1期,15000000.0,128205.0,117.0,3室2厅,万柳,北京,海淀,万柳,3
esf,3室2厅碧水云天2期,16500000.0,145618.0,113.31,3室2厅,万柳,北京,海淀,万柳,3
esf,4室2厅万泉新新家园,32800000.0,127131.0,258.0,4室2厅,万柳,北京,海淀,万柳,3
esf,康桥水郡3室2厅豪华装修,17800000.0,144715.0,123.0,3室2厅,万柳,北京,海淀,万柳,3
esf,3室2厅阳春光华枫树园,15500000.0,108741.0,142.54,3室2厅,万柳,北京,海淀,万柳,3
esf,涧桥泊屋2室2厅精装修,16500000.0,135813.0,121.49,2室2厅,万柳,北京,海淀,万柳,3
esf,碧水云天西区 3室2厅2卫 经典实用 格局方正,29000000.0,173258.0,167.38,3室2厅,万柳,北京,海淀,万柳,3
esf,"海淀豪宅万城华府,万柳中关村+城市别墅",75000000.0,259578.0,288.93,4室2厅,海淀,北京,海淀,万柳,3
esf,2室1厅阳春光华枫树园,11500000.0,127777.0,90.0,2室1厅,万柳,北京,海淀,万柳,3
esf,碧水云天西区 3室2厅2卫 经典实用 品质小区,16500000.0,145618.0,113.31,3室2厅,万柳,北京,海淀,万柳,3
esf,万泉新新家园 1室0厅1卫 品质小区 格局方正,6500000.0,114075.0,56.98,1室0厅,万柳,北京,海淀,万柳,3
esf,4室2厅万泉新新家园,33990000.0,147776.0,230.01,4室2厅,万柳,北京,海淀,万柳,3
esf,万泉新新家园 237.95平4居 南北向简装修 拎包入住,39800000.0,167262.0,237.95,4室2厅,万柳,北京,海淀,万柳,3
esf,涧桥泊屋3室2厅豪华装修,17800000.0,139816.0,127.31,3室2厅,万柳,北京,海淀,万柳,3
esf,万泉新新家园 4室2厅2卫 主卧朝南 客厅朝南,28800000.0,131621.0,218.81,4室2厅,万柳,北京,海淀,万柳,3
esf,4室2厅万泉新新家园,33990000.0,147776.0,230.01,4室2厅,万柳,北京,海淀,万柳,3
esf,3室2厅碧水云天2期,16500000.0,145618.0,113.31,3室2厅,万柳,北京,海淀,万柳,3
esf,万柳万泉一层带南花园 满五年税费少 带车位 位置好,29800000.0,148962.0,200.05,4室2厅,万柳,北京,海淀,万柳,3
esf,4室1厅碧水云天1期,28000000.0,155538.0,180.02,4室1厅,万柳,北京,海淀,万柳,3
esf,蜂鸟家园 1室1厅1卫 格局方正 品质小区,5800000.0,112229.0,51.68,1室1厅,万柳,北京,海淀,万柳,4
esf,4室2厅万泉新新家园,50500000.0,160981.0,313.7,4室2厅,万柳,北京,海淀,万柳,4
esf,3室1厅锋尚国际公寓,16800000.0,113116.0,148.52,3室1厅,万柳,北京,海淀,万柳,4
esf,3室2厅阳春光华枫树园,20000000.0,132450.0,151.0,3室2厅,万柳,北京,海淀,万柳,4
esf,正南蜂鸟社区1室1厅,6450000.0,136421.0,47.28,1室1厅,万柳,北京,海淀,万柳,4
esf,4室2厅锋尚国际公寓,21800000.0,139743.0,156.0,4室2厅,万柳,北京,海淀,万柳,4
esf,3室2厅万泉新新家园,18500000.0,135204.0,136.83,3室2厅,万柳,北京,海淀,万柳,4
esf,2室2厅碧水云天2期,12500000.0,133134.0,93.89,2室2厅,万柳,北京,海淀,万柳,4
esf,3室2厅碧水云天2期,22600000.0,155411.0,145.42,3室2厅,万柳,北京,海淀,万柳,4
esf,6室3厅万泉新新家园,38000000.0,132533.0,286.72,6室3厅,万柳,北京,海淀,万柳,4
esf,3室1厅锋尚国际公寓,16800000.0,113116.0,148.52,3室1厅,万柳,北京,海淀,万柳,4
esf,新上 橡树园中间楼 南北稀雀大五室 前后不临街户型方正 急售,24700000.0,131278.0,188.15,4室2厅,万柳,北京,海淀,万柳,4
esf,4室2厅碧水云天2期,33000000.0,181328.0,181.99,4室2厅,万柳,北京,海淀,万柳,4
esf,蜂鸟社区1室1厅精装修,7990000.0,102226.0,78.16,1室1厅,万柳,北京,海淀,万柳,4
esf,3室2厅万泉新新家园,18500000.0,135204.0,136.83,3室2厅,万柳,北京,海淀,万柳,4
esf,万柳万泉新新家园 三卧室南观景房 远眺佛香阁 四十平客厅,24800000.0,150576.0,164.7,3室2厅,万柳,北京,海淀,万柳,4
esf,4室2厅万泉新新家园,32800000.0,127131.0,258.0,4室2厅,万柳,北京,海淀,万柳,4
esf,2室1厅锋尚国际公寓,12990000.0,131212.0,99.0,2室1厅,万柳,北京,海淀,万柳,4
esf,2室1厅锋尚国际公寓,12990000.0,131212.0,99.0,2室1厅,万柳,北京,海淀,万柳,4
esf,锋尚国际公寓 3室2厅2卫 两房朝南 品质小区,17990000.0,122497.0,146.86,3室2厅,万柳,北京,海淀,万柳,4
esf,光大花园 3室2厅2卫 全南户型 带飘窗,15800000.0,104767.0,150.81,3室2厅,万柳,北京,海淀,万柳,4
esf,3室2厅光大水墨风景,21500000.0,146109.0,147.15,3室2厅,万柳,北京,海淀,万柳,4
esf,4室2厅万泉新新家园,32800000.0,127131.0,258.0,4室2厅,万柳,北京,海淀,万柳,4
esf,万泉新新家园 3室2厅2卫 主卧朝南 客厅朝南,25600000.0,139944.0,182.93,3室2厅,万柳,北京,海淀,万柳,4
esf,阳春光华 3室2厅2卫 格局方正 客厅带阳台,20000000.0,132502.0,150.94,3室2厅,万柳,北京,海淀,万柳,4
esf,万柳书院5室2厅豪华装修,85000000.0,205497.0,413.63,5室2厅,万柳,北京,海淀,万柳,4
esf,4室2厅万城华府龙园,76000000.0,247130.0,307.53,4室2厅,万柳,北京,海淀,万柳,4
esf,2室2厅万城华府龙园,24000000.0,209442.0,114.59,2室2厅,万柳,北京,海淀,万柳,4
esf,2室2厅阳春光华枫树园,11000000.0,102803.0,107.0,2室2厅,万柳,北京,海淀,万柳,4
esf,万泉新新家园 55平1居 东向精装修 安静不临街,6400000.0,116363.0,55.0,1室1厅,万柳,北京,海淀,万柳,4
esf,3室2厅光大水墨风景,21900000.0,145399.0,150.62,3室2厅,万柳,北京,海淀,万柳,4
esf,万泉新新家园 160平3居 南北向精装修 拎包入住,26800000.0,167500.0,160.0,3室2厅,万柳,北京,海淀,万柳,4
esf,3室2厅碧水云天2期,17500000.0,139675.0,125.29,3室2厅,万柳,北京,海淀,万柳,4
esf,万泉新新家园 3室2厅2卫 主卧朝南,25600000.0,139944.0,182.93,3室2厅,万柳,北京,海淀,万柳,4
esf,南北通透涧桥泊屋3室2厅精装修,25800000.0,150279.0,171.68,3室2厅,万柳,北京,海淀,万柳,4
esf,涧桥泊屋馆 3室2厅2卫 格局方正 品质小区,26800000.0,164902.0,162.52,3室2厅,万柳,北京,海淀,万柳,4
esf,万泉新新家园 169.6平3居 南北向精装修 自住保养好,22900000.0,135023.0,169.6,3室2厅,万柳,北京,海淀,万柳,4
esf,3室2厅阳春光华枫树园,14300000.0,113222.0,126.3,3室2厅,万柳,北京,海淀,万柳,4
esf,2室1厅锋尚国际公寓,12990000.0,131212.0,99.0,2室1厅,万柳,北京,海淀,万柳,4
esf,3室2厅阳春光华枫树园,18000000.0,113708.0,158.3,3室2厅,万柳,北京,海淀,万柳,4
esf,锋尚国际公寓 2室1厅1卫 格局方正 品质小区,12900000.0,122495.0,105.31,2室1厅,万柳,北京,海淀,万柳,4
esf,万泉新新家园 237.95平4居 南北向简装修 拎包入住,39800000.0,167262.0,237.95,4室2厅,万柳,北京,海淀,万柳,4
esf,光大花园1室1厅精装修,7400000.0,96757.0,76.48,1室1厅,万柳,北京,海淀,万柳,4
esf,4室2厅万泉新新家园,43350000.0,182181.0,237.95,4室2厅,万柳,北京,海淀,万柳,4
esf,3室1厅碧水云天2期,18880000.0,131111.0,144.0,3室1厅,万柳,北京,海淀,万柳,4
esf,万柳园!三环内!采光充足!近地铁双轨!南北通透精装修!,2380000.0,43709.0,54.45,2室1厅,万柳,北京,海淀,万柳,4
esf,3室2厅碧水云天1期,18000000.0,131386.0,137.0,3室2厅,万柳,北京,海淀,万柳,4
esf,南北通透小南庄3室2厅精装修,11200000.0,82656.0,135.5,3室2厅,万柳,北京,海淀,万柳,4
esf,光大花园 2室1厅1卫 经典实用 品质小区,14000000.0,133231.0,105.08,2室1厅,万柳,北京,海淀,万柳,4
esf,3室2厅阳春光华枫树园,17000000.0,118178.0,143.85,3室2厅,万柳,北京,海淀,万柳,4
esf,4室1厅锋尚国际公寓,24800000.0,160705.0,154.32,4室1厅,万柳,北京,海淀,万柳,4
esf,阳春光华枫树园 142.54平3居 西南向精装修 视野无遮挡,15500000.0,108741.0,142.54,3室2厅,万柳,北京,海淀,万柳,4
esf,4室2厅万城华府海园,70000000.0,219690.0,318.63,4室2厅,万柳,北京,海淀,万柳,4
esf,3室2厅碧水云天1期,19500000.0,141921.0,137.4,3室2厅,万柳,北京,海淀,万柳,4
esf,南北通透涧桥泊屋3室2厅精装修,25500000.0,155175.0,164.33,3室2厅,万柳,北京,海淀,万柳,4
esf,南北通透涧桥泊屋3室2厅精装修,25800000.0,150279.0,171.68,3室2厅,万柳,北京,海淀,万柳,4
esf,3室2厅阳春光华橡树园,18800000.0,137036.0,137.19,3室2厅,万柳,北京,海淀,万柳,4
esf,康桥水郡3室2厅豪华装修,17800000.0,144715.0,123.0,3室2厅,万柳,北京,海淀,万柳,4
esf,南北通透涧桥泊屋2室1厅精装修,14500000.0,113993.0,127.2,2室1厅,万柳,北京,海淀,万柳,4
esf,新起点嘉园3室2厅精装修,16880000.0,106801.0,158.05,3室2厅,万柳,北京,海淀,万柳,5
esf,光大花园3室2厅豪华装修,17300000.0,114569.0,151.0,3室2厅,万柳,北京,海淀,万柳,5
esf,蜂鸟家园 1室0厅1卫 客厅带阳台 客厅朝南,5680000.0,109567.0,51.84,1室0厅,万柳,北京,海淀,万柳,5
esf,2室2厅阳春光华枫树园,11000000.0,102803.0,107.0,2室2厅,万柳,北京,海淀,万柳,5
esf,4室2厅万泉新新家园,33990000.0,147776.0,230.01,4室2厅,万柳,北京,海淀,万柳,5
esf,3室2厅阳春光华枫树园,16600000.0,109933.0,151.0,3室2厅,万柳,北京,海淀,万柳,5
esf,5室2厅碧水云天2期,35000000.0,148405.0,235.84,5室2厅,万柳,北京,海淀,万柳,5
esf,懋源·璟岳4室2厅豪华装修,24800000.0,123101.0,201.46,4室2厅,万柳,北京,海淀,万柳,5
esf,3室2厅万泉新新家园,22900000.0,135023.0,169.6,3室2厅,万柳,北京,海淀,万柳,5
esf,4室2厅万泉新新家园,32800000.0,127131.0,258.0,4室2厅,万柳,北京,海淀,万柳,5
esf,涧桥泊屋3室2厅豪华装修,17800000.0,139816.0,127.31,3室2厅,万柳,北京,海淀,万柳,5
esf,3室2厅光大水墨风景,21500000.0,146109.0,147.15,3室2厅,万柳,北京,海淀,万柳,5
esf,懋源·璟岳4室2厅豪华装修,21500000.0,131201.0,163.87,4室2厅,万柳,北京,海淀,万柳,5
esf,怡水园3室2厅企业推荐房源,15250000.0,94720.0,161.0,3室2厅,万柳,北京,海淀,万柳,5
esf,海淀西三环 人车分流社区 精装修 4室2厅阳春光华枫树园,22900000.0,129378.0,177.0,4室2厅,海淀,北京,海淀,万柳,5
esf,3室2厅万泉新新家园,27200000.0,169565.0,160.41,3室2厅,万柳,北京,海淀,万柳,5
esf,3室2厅阳春光华橡树园,18800000.0,137036.0,137.19,3室2厅,万柳,北京,海淀,万柳,5
esf,万泉新新家园 1室0厅1卫 品质小区 格局方正,6500000.0,114075.0,56.98,1室0厅,万柳,北京,海淀,万柳,5
esf,光大花园2室1厅精装修,9300000.0,100000.0,93.0,2室1厅,万柳,北京,海淀,万柳,5
esf,蜂鸟家园 1室1厅1卫 品质小区 格局方正,6500000.0,136554.0,47.6,1室1厅,万柳,北京,海淀,万柳,5
esf,蜂鸟家园 1室1厅1卫 格局方正 品质小区,5500000.0,120746.0,45.55,1室1厅,万柳,北京,海淀,万柳,5
esf,南北通透涧桥泊屋3室2厅精装修,26500000.0,170133.0,155.76,3室2厅,万柳,北京,海淀,万柳,5
esf,碧水云天二期精装复式 位置好 观景房 利用率高 急售,43000000.0,180157.0,238.68,4室2厅,万柳,北京,海淀,万柳,5
esf,"在寂静中品味,在喧闹中生活,此房安闲舒适,是您的选择!",43000000.0,140983.0,305.0,7室2厅,万柳,北京,海淀,万柳,5
esf,3室2厅万泉新新家园,26800000.0,167500.0,160.0,3室2厅,万柳,北京,海淀,万柳,5
esf,南北通透康桥水郡3室1厅精装修,16990000.0,133779.0,127.0,3室1厅,万柳,北京,海淀,万柳,5
esf,怡水园5室2厅精装修,35000000.0,137947.0,253.72,5室2厅,万柳,北京,海淀,万柳,5
esf,4室2厅万城华府海园,70000000.0,220146.0,317.97,4室2厅,万柳,北京,海淀,万柳,5
esf,南北通透康桥水郡2室2厅精装修,17400000.0,136652.0,127.33,2室2厅,万柳,北京,海淀,万柳,5
esf,万泉新新家园 316平 俯瞰园区 豪装 南北通透 五居室,54000000.0,170886.0,316.0,5室3厅,万柳,北京,海淀,万柳,5
esf,涧桥泊屋3室2厅豪华装修,17800000.0,139816.0,127.31,3室2厅,万柳,北京,海淀,万柳,5
esf,万柳书院5室2厅豪华装修,85000000.0,205497.0,413.63,5室2厅,万柳,北京,海淀,万柳,5
esf,3室2厅万泉新新家园,25600000.0,139890.0,183.0,3室2厅,万柳,北京,海淀,万柳,5
esf,涧桥泊屋2室2厅精装修,16500000.0,135813.0,121.49,2室2厅,万柳,北京,海淀,万柳,5
esf,3室2厅阳春光华枫树园,16600000.0,109933.0,151.0,3室2厅,万柳,北京,海淀,万柳,5
esf,南北通透涧桥泊屋3室2厅精装修,25800000.0,150279.0,171.68,3室2厅,万柳,北京,海淀,万柳,5
esf,锋尚国际公寓 3室2厅2卫 电梯房 品质小区,14680000.0,118492.0,123.89,3室2厅,万柳,北京,海淀,万柳,5
esf,7室2厅碧水云天2期,43000000.0,140983.0,305.0,7室2厅,万柳,北京,海淀,万柳,5
esf,2室1厅阳春光华枫树园,11500000.0,127777.0,90.0,2室1厅,万柳,北京,海淀,万柳,5
esf,3室2厅万泉新新家园,26800000.0,167500.0,160.0,3室2厅,万柳,北京,海淀,万柳,5
esf,阳春光华 3室2厅2卫 格局方正 客厅带阳台,20000000.0,132502.0,150.94,3室2厅,万柳,北京,海淀,万柳,5
esf,康桥水郡1室1厅企业推荐房源,7100000.0,144661.0,49.08,1室1厅,万柳,北京,海淀,万柳,5
esf,4室2厅万城华府海园,70000000.0,219690.0,318.63,4室2厅,万柳,北京,海淀,万柳,5
esf,万柳 · 阳春光华枫树园 · 2室 · 1厅,11800000.0,132079.0,89.34,2室1厅,万柳,北京,海淀,万柳,5
esf,蜂鸟家园 2室1厅1卫 经典实用 品质小区,9000000.0,112612.0,79.92,2室1厅,万柳,北京,海淀,万柳,5
esf,2室1厅万城华府龙园,19000000.0,213411.0,89.03,2室1厅,万柳,北京,海淀,万柳,5
esf,新起点嘉园3室2厅精装修,16880000.0,106801.0,158.05,3室2厅,万柳,北京,海淀,万柳,5
esf,2室1厅碧水云天2期,12980000.0,131111.0,99.0,2室1厅,万柳,北京,海淀,万柳,5
esf,2室1厅阳春光华枫树园,11500000.0,127777.0,90.0,2室1厅,万柳,北京,海淀,万柳,5
esf,阳春光华 6室3厅3卫 品质小区 主卧朝南,35000000.0,150738.0,232.19,6室3厅,万柳,北京,海淀,万柳,5
esf,3室2厅万泉新新家园,24400000.0,149693.0,163.0,3室2厅,万柳,北京,海淀,万柳,5
esf,3室2厅阳春光华枫树园,14300000.0,111884.0,127.81,3室2厅,万柳,北京,海淀,万柳,5
esf,懋源·璟岳4室2厅豪华装修,25500000.0,122009.0,209.0,4室2厅,万柳,北京,海淀,万柳,5
esf,万泉新新家园 169.6平3居 南北向精装修 自住保养好,22900000.0,135023.0,169.6,3室2厅,万柳,北京,海淀,万柳,5
esf,碧水云天西区 3室2厅2卫 经典实用 品质小区,16500000.0,145618.0,113.31,3室2厅,万柳,北京,海淀,万柳,5
esf,正南新起点嘉园4室3厅精装修,14000000.0,65752.0,212.92,4室3厅,万柳,北京,海淀,万柳,5
esf,阳春光华枫树园 126.3平3居 西南北向精装修 安静不临街,14300000.0,113222.0,126.3,3室2厅,万柳,北京,海淀,万柳,5
esf,万泉新新家园 4室2厅3卫 两房朝南 客厅朝南,45000000.0,181393.0,248.08,4室2厅,万柳,北京,海淀,万柳,5
esf,3室2厅万泉新新家园,25800000.0,150122.0,171.86,3室2厅,万柳,北京,海淀,万柳,5
esf,南北通透涧桥泊屋3室2厅精装修,21800000.0,139698.0,156.05,3室2厅,万柳,北京,海淀,万柳,5
esf,南北通透涧桥泊屋3室2厅精装修,25500000.0,155175.0,164.33,3室2厅,万柳,北京,海淀,万柳,6
esf,5室3厅万城华府龙园,97000000.0,245445.0,395.2,5室3厅,万柳,北京,海淀,万柳,6
esf,光大花园2室1厅精装修,9300000.0,100000.0,93.0,2室1厅,万柳,北京,海淀,万柳,6
esf,万柳华府海园 317平 南北通透 精装大宅 企业推荐房源,70000000.0,220146.0,317.97,4室2厅,万柳,北京,海淀,万柳,6
esf,4室2厅锋尚国际公寓,21800000.0,139743.0,156.0,4室2厅,万柳,北京,海淀,万柳,6
esf,南北通透涧桥泊屋3室2厅精装修,25500000.0,155175.0,164.33,3室2厅,万柳,北京,海淀,万柳,6
esf,3室2厅阳春光华枫树园,14300000.0,113222.0,126.3,3室2厅,万柳,北京,海淀,万柳,6
esf,万泉新新家园 1室0厅1卫 格局方正 品质小区,6500000.0,114075.0,56.98,1室0厅,万柳,北京,海淀,万柳,6
esf,3室2厅碧水云天2期,17200000.0,137281.0,125.29,3室2厅,万柳,北京,海淀,万柳,6
esf,海淀 万柳 万泉新新家园 南北复式 不临街 保养好 有车储,53000000.0,160188.0,330.86,5室3厅,海淀,北京,海淀,万柳,6
esf,4室2厅万城华府海园,75000000.0,259578.0,288.93,4室2厅,万柳,北京,海淀,万柳,6
esf,新上!!业主诚售!!卖掉回老家!带有车位!!看中好谈!!!,25680000.0,144043.0,178.28,4室2厅,万柳,北京,海淀,万柳,6
esf,3室2厅碧水云天2期,20880000.0,150486.0,138.75,3室2厅,万柳,北京,海淀,万柳,6
esf,南北通透康桥水郡2室1厅,16500000.0,129584.0,127.33,2室1厅,万柳,北京,海淀,万柳,6
esf,怡水园5室2厅精装修,35000000.0,137947.0,253.72,5室2厅,万柳,北京,海淀,万柳,6
esf,7室2厅碧水云天2期,43000000.0,140983.0,305.0,7室2厅,万柳,北京,海淀,万柳,6
esf,4室2厅锋尚国际公寓,21800000.0,139743.0,156.0,4室2厅,万柳,北京,海淀,万柳,6
esf,涧桥泊屋3室2厅豪华装修,17800000.0,139816.0,127.31,3室2厅,万柳,北京,海淀,万柳,6
esf,5室3厅万泉新新家园,53000000.0,160188.0,330.86,5室3厅,万柳,北京,海淀,万柳,6
esf,4室3厅碧水云天2期,26500000.0,132898.0,199.4,4室3厅,万柳,北京,海淀,万柳,6
esf,万柳书院3室2厅精装修,62000000.0,225192.0,275.32,3室2厅,万柳,北京,海淀,万柳,6
esf,3室1厅阳春光华橡树园,18500000.0,134849.0,137.19,3室1厅,万柳,北京,海淀,万柳,6
esf,南北通透涧桥泊屋4室2厅,32000000.0,174786.0,183.08,4室2厅,万柳,北京,海淀,万柳,6
esf,2室1厅锋尚国际公寓,12990000.0,131212.0,99.0,2室1厅,万柳,北京,海淀,万柳,6
esf,3室2厅阳春光华枫树园,16600000.0,109933.0,151.0,3室2厅,万柳,北京,海淀,万柳,6
esf,3室2厅碧水云天2期,17200000.0,137281.0,125.29,3室2厅,万柳,北京,海淀,万柳,6
esf,5室2厅万城华府海园,98000000.0,261054.0,375.4,5室2厅,万柳,北京,海淀,万柳,6
esf,4室2厅万城华府海园,70000000.0,219690.0,318.63,4室2厅,万柳,北京,海淀,万柳,6
esf,锋尚国际 二期 恒温恒湿 满五年,15500000.0,110959.0,139.69,2室2厅,万柳,北京,海淀,万柳,6
esf,5室3厅万泉新新家园,53000000.0,160188.0,330.86,5室3厅,万柳,北京,海淀,万柳,6
esf,蜂鸟社区 1室 精装修,6200000.0,140366.0,44.17,1室0厅,万柳,北京,海淀,万柳,6
esf,正南蜂鸟社区1室1厅,6450000.0,136421.0,47.28,1室1厅,万柳,北京,海淀,万柳,6
esf,懋源·璟岳4室2厅豪华装修,21500000.0,131201.0,163.87,4室2厅,万柳,北京,海淀,万柳,6
esf,万柳书院5室2厅豪华装修,85000000.0,205497.0,413.63,5室2厅,万柳,北京,海淀,万柳,6
esf,2室1厅阳春光华枫树园,11500000.0,127777.0,90.0,2室1厅,万柳,北京,海淀,万柳,6
esf,2室2厅锋尚国际公寓,12990000.0,121231.0,107.15,2室2厅,万柳,北京,海淀,万柳,6
esf,光大花园2室1厅精装修,9300000.0,100000.0,93.0,2室1厅,万柳,北京,海淀,万柳,6
esf,南北通透涧桥泊屋2室1厅精装修 有钥匙 可大刀,14500000.0,113993.0,127.2,2室1厅,万柳,北京,海淀,万柳,6
esf,4室2厅万泉新新家园,28500000.0,130249.0,218.81,4室2厅,万柳,北京,海淀,万柳,6
esf,3室2厅碧水云天2期,17500000.0,139675.0,125.29,3室2厅,万柳,北京,海淀,万柳,6
esf,5室3厅万城华府龙园,100000000.0,253710.0,394.15,5室3厅,万柳,北京,海淀,万柳,6
esf,光大花园3室2厅精装修,15800000.0,130578.0,121.0,3室2厅,万柳,北京,海淀,万柳,6
esf,4室2厅万泉新新家园,33990000.0,147776.0,230.01,4室2厅,万柳,北京,海淀,万柳,6
esf,万柳康桥水郡新装修带两车库满两年只有契税,45000000.0,179354.0,250.9,4室2厅,万柳,北京,海淀,万柳,6
esf,光大花园2室1厅精装修,9250000.0,107159.0,86.32,2室1厅,万柳,北京,海淀,万柳,6
esf,3室2厅碧水云天2期,16500000.0,145618.0,113.31,3室2厅,万柳,北京,海淀,万柳,6
esf,怡秀园4室1厅企业推荐房源,10300000.0,85123.0,121.0,4室1厅,万柳,北京,海淀,万柳,6
esf,蜂鸟社区1室1厅精装修,7990000.0,102226.0,78.16,1室1厅,万柳,北京,海淀,万柳,6
esf,2室1厅锋尚国际公寓,12990000.0,131212.0,99.0,2室1厅,万柳,北京,海淀,万柳,6
esf,4室1厅碧水云天1期,28000000.0,155538.0,180.02,4室1厅,万柳,北京,海淀,万柳,6
esf,康桥水郡3室2厅豪华装修,17800000.0,144715.0,123.0,3室2厅,万柳,北京,海淀,万柳,6
esf,3室2厅光大水墨风景,24000000.0,163254.0,147.01,3室2厅,万柳,北京,海淀,万柳,6
esf,3室2厅碧水云天2期,20880000.0,150486.0,138.75,3室2厅,万柳,北京,海淀,万柳,6
esf,2室1厅锋尚国际公寓,12990000.0,131212.0,99.0,2室1厅,万柳,北京,海淀,万柳,6
esf,正南新起点嘉园4室3厅精装修,14000000.0,65752.0,212.92,4室3厅,万柳,北京,海淀,万柳,6
esf,新起点嘉园3室1厅企业推荐房源,9000000.0,82364.0,109.27,3室1厅,万柳,北京,海淀,万柳,6
esf,3室2厅万泉新新家园,26000000.0,152002.0,171.05,3室2厅,万柳,北京,海淀,万柳,6
esf,4室2厅锋尚国际公寓,21800000.0,139743.0,156.0,4室2厅,万柳,北京,海淀,万柳,6
esf,蜂鸟家园 1室1厅1卫 格局方正 品质小区,5950000.0,114291.0,52.06,1室1厅,万柳,北京,海淀,万柳,6
esf,3室2厅锋尚国际公寓,15500000.0,124848.0,124.15,3室2厅,万柳,北京,海淀,万柳,6
esf,新起点嘉园3室2厅精装修,16880000.0,106801.0,158.05,3室2厅,万柳,北京,海淀,万柳,7
esf,懋源·璟岳4室2厅精装修,16800000.0,102520.0,163.87,4室2厅,万柳,北京,海淀,万柳,7
esf,3室2厅万泉新新家园,26500000.0,144864.0,182.93,3室2厅,万柳,北京,海淀,万柳,7
esf,5室3厅万城华府龙园,100000000.0,253710.0,394.15,5室3厅,万柳,北京,海淀,万柳,7
esf,5室2厅万城华府海园,98000000.0,261054.0,375.4,5室2厅,万柳,北京,海淀,万柳,7
esf,南北通透康桥水郡3室1厅精装修,16990000.0,133779.0,127.0,3室1厅,万柳,北京,海淀,万柳,7
esf,4室2厅万泉新新家园,28500000.0,130249.0,218.81,4室2厅,万柳,北京,海淀,万柳,7
esf,高端楼盘 万柳碧水云天 全南居室 安静不临街 满五年商品房,11000000.0,164917.0,66.7,1室1厅,万柳,北京,海淀,万柳,7
esf,3室1厅碧水云天2期,18880000.0,131111.0,144.0,3室1厅,万柳,北京,海淀,万柳,7
esf,5室3厅万城华府龙园,97000000.0,245445.0,395.2,5室3厅,万柳,北京,海淀,万柳,7
esf,怡水园3室2厅企业推荐房源,15250000.0,94720.0,161.0,3室2厅,万柳,北京,海淀,万柳,7
esf,4室2厅锋尚国际公寓,21990000.0,141870.0,155.0,4室2厅,万柳,北京,海淀,万柳,7
esf,南北通透康桥水郡3室1厅精装修,16990000.0,133779.0,127.0,3室1厅,万柳,北京,海淀,万柳,7
esf,4室2厅万泉新新家园,39800000.0,167262.0,237.95,4室2厅,万柳,北京,海淀,万柳,7
esf,2室1厅阳春光华枫树园,9600000.0,104541.0,91.83,2室1厅,万柳,北京,海淀,万柳,7
esf,3室2厅碧水云天1期,23000000.0,150189.0,153.14,3室2厅,万柳,北京,海淀,万柳,7
esf,万柳书院4室2厅豪华装修,82000000.0,253501.0,323.47,4室2厅,万柳,北京,海淀,万柳,7
esf,5室2厅碧水云天2期,35000000.0,148405.0,235.84,5室2厅,万柳,北京,海淀,万柳,7
esf,光大花园1室1厅精装修,7400000.0,96757.0,76.48,1室1厅,万柳,北京,海淀,万柳,7
esf,3室2厅光大水墨风景,23880000.0,156723.0,152.37,3室2厅,万柳,北京,海淀,万柳,7
esf,"海淀中关村双地铁万柳书院精装3居,高端大平层经典户型亲自拍摄",54000000.0,247275.0,218.38,3室1厅,海淀,北京,海淀,万柳,7
esf,3室2厅阳春光华枫树园,14780000.0,108183.0,136.62,3室2厅,万柳,北京,海淀,万柳,7
esf,3室2厅阳春光华枫树园,14300000.0,111884.0,127.81,3室2厅,万柳,北京,海淀,万柳,7
esf,4室2厅万城华府海园,81000000.0,234782.0,345.0,4室2厅,万柳,北京,海淀,万柳,7
esf,光大花园2室1厅精装修,9300000.0,100000.0,93.0,2室1厅,万柳,北京,海淀,万柳,7
esf,3室2厅阳春光华枫树园,15500000.0,108741.0,142.54,3室2厅,万柳,北京,海淀,万柳,7
esf,万柳书院5室2厅豪华装修,85000000.0,205497.0,413.63,5室2厅,万柳,北京,海淀,万柳,7
esf,南北通透涧桥泊屋2室1厅精装修,14500000.0,113993.0,127.2,2室1厅,万柳,北京,海淀,万柳,7
esf,康桥水郡2室1厅精装修,11990000.0,101981.0,117.57,2室1厅,万柳,北京,海淀,万柳,7
esf,涧桥泊屋2室1厅精装修,15500000.0,134782.0,115.0,2室1厅,万柳,北京,海淀,万柳,7
esf,5室3厅万泉新新家园,53000000.0,160188.0,330.86,5室3厅,万柳,北京,海淀,万柳,7
esf,东边户 双明卫 户型方正 看房随时 车储齐全,39800000.0,165985.0,239.78,5室2厅,万柳,北京,海淀,万柳,7
esf,万柳书院4室2厅豪华装修,82000000.0,253501.0,323.47,4室2厅,万柳,北京,海淀,万柳,7
esf,南北通透万柳书院3室1厅精装修,54000000.0,247275.0,218.38,3室1厅,万柳,北京,海淀,万柳,7
esf,南北通透万柳书院3室1厅精装修,54000000.0,247275.0,218.38,3室1厅,万柳,北京,海淀,万柳,7
esf,万柳 三房朝南 高层观景 保养好 视野开阔 临河社区,19580000.0,133752.0,146.39,3室2厅,万柳,北京,海淀,万柳,7
esf,3室2厅碧水云天1期,23000000.0,150809.0,152.51,3室2厅,万柳,北京,海淀,万柳,7
esf,3室2厅碧水云天1期,24000000.0,161561.0,148.55,3室2厅,万柳,北京,海淀,万柳,7
esf,4室2厅万泉新新家园,39800000.0,167262.0,237.95,4室2厅,万柳,北京,海淀,万柳,7
esf,4室2厅万泉新新家园,50500000.0,160981.0,313.7,4室2厅,万柳,北京,海淀,万柳,7
esf,2室2厅万城华府龙园,24000000.0,209442.0,114.59,2室2厅,万柳,北京,海淀,万柳,7
esf,4室2厅万城华府海园,70000000.0,220146.0,317.97,4室2厅,万柳,北京,海淀,万柳,7
esf,蜂鸟社区 78.16平1居 东南向精装修 随时签约,7990000.0,102226.0,78.16,1室1厅,万柳,北京,海淀,万柳,7
esf,3室2厅万泉新新家园,26800000.0,167500.0,160.0,3室2厅,万柳,北京,海淀,万柳,7
esf,"在寂静中品味,在喧闹中生活,此房安闲舒适,是您的选择!",82000000.0,253501.0,323.47,4室2厅,万柳,北京,海淀,万柳,7
esf,懋源·璟岳4室2厅豪华装修,21500000.0,131201.0,163.87,4室2厅,万柳,北京,海淀,万柳,7
esf,4室2厅万泉新新家园,29800000.0,148962.0,200.05,4室2厅,万柳,北京,海淀,万柳,7
esf,3室2厅碧水云天2期,23980000.0,166227.0,144.26,3室2厅,万柳,北京,海淀,万柳,7
esf,5室3厅万城华府龙园,97000000.0,245445.0,395.2,5室3厅,万柳,北京,海淀,万柳,7
esf,汇新家园 南向 大两居室 满五,9500000.0,86750.0,109.51,3室1厅,万柳,北京,海淀,万柳,7
esf,涧桥泊屋3室1厅精装修,23800000.0,207082.0,114.93,3室1厅,万柳,北京,海淀,万柳,7
esf,4室2厅万泉新新家园,33990000.0,147776.0,230.01,4室2厅,万柳,北京,海淀,万柳,7
esf,康桥水郡3室2厅豪华装修,17800000.0,144715.0,123.0,3室2厅,万柳,北京,海淀,万柳,7
esf,蜂鸟家园 1室0厅1卫 客厅带阳台 客厅朝南,5680000.0,109567.0,51.84,1室0厅,万柳,北京,海淀,万柳,7
esf,2室1厅阳春光华枫树园,11500000.0,127777.0,90.0,2室1厅,万柳,北京,海淀,万柳,7
esf,4室2厅万城华府龙园,76000000.0,247130.0,307.53,4室2厅,万柳,北京,海淀,万柳,7
esf,3室2厅阳春光华枫树园,14300000.0,111884.0,127.81,3室2厅,万柳,北京,海淀,万柳,7
esf,3室2厅碧水云天1期,24000000.0,161561.0,148.55,3室2厅,万柳,北京,海淀,万柳,7
esf,3室2厅万泉新新家园,24400000.0,149693.0,163.0,3室2厅,万柳,北京,海淀,万柳,7
esf,山水倾城 5室2厅3卫 格局方正,35000000.0,137947.0,253.72,5室2厅,万柳,北京,海淀,万柳,8
esf,光大花园2室1厅精装修,9250000.0,107159.0,86.32,2室1厅,万柳,北京,海淀,万柳,8
esf,南北通透涧桥泊屋3室2厅精装修,25800000.0,150279.0,171.68,3室2厅,万柳,北京,海淀,万柳,8
esf,万柳书院3室2厅精装修,62000000.0,225192.0,275.32,3室2厅,万柳,北京,海淀,万柳,8
esf,康桥水郡1室1厅企业推荐房源,7100000.0,144661.0,49.08,1室1厅,万柳,北京,海淀,万柳,8
esf,南北通透涧桥泊屋3室2厅精装修,26500000.0,170133.0,155.76,3室2厅,万柳,北京,海淀,万柳,8
esf,3室2厅光大水墨风景,21500000.0,146109.0,147.15,3室2厅,万柳,北京,海淀,万柳,8
esf,涧桥泊屋3室2厅精装修,25500000.0,156903.0,162.52,3室2厅,万柳,北京,海淀,万柳,8
esf,康桥水郡4室2厅精装修,45500000.0,179133.0,254.0,4室2厅,万柳,北京,海淀,万柳,8
esf,涧桥泊屋2室2厅精装修,16500000.0,135813.0,121.49,2室2厅,万柳,北京,海淀,万柳,8
esf,懋源·璟岳4室2厅豪华装修,18900000.0,115335.0,163.87,4室2厅,万柳,北京,海淀,万柳,8
esf,阳春光华 6室3厅3卫 品质小区 主卧朝南,35000000.0,150738.0,232.19,6室3厅,万柳,北京,海淀,万柳,8
esf,3室2厅阳春光华橡树园,18800000.0,137036.0,137.19,3室2厅,万柳,北京,海淀,万柳,8
esf,正南新起点嘉园4室3厅精装修,14000000.0,65752.0,212.92,4室3厅,万柳,北京,海淀,万柳,8
esf,5室3厅万泉新新家园,53000000.0,160188.0,330.86,5室3厅,万柳,北京,海淀,万柳,8
esf,5室2厅万城华府海园,98000000.0,261054.0,375.4,5室2厅,万柳,北京,海淀,万柳,8
esf,碧水云天西区 3室2厅2卫 客厅朝南 近地铁,20880000.0,150486.0,138.75,3室2厅,万柳,北京,海淀,万柳,8
esf,南北通透涧桥泊屋3室2厅精装修,21800000.0,139698.0,156.05,3室2厅,万柳,北京,海淀,万柳,8
esf,南北通透万柳书院3室1厅精装修,54000000.0,247275.0,218.38,3室1厅,万柳,北京,海淀,万柳,8
esf,蜂鸟社区2室1厅精装修,7990000.0,101408.0,78.79,2室1厅,万柳,北京,海淀,万柳,8
esf,3室2厅万泉新新家园,27200000.0,169565.0,160.41,3室2厅,万柳,北京,海淀,万柳,8
esf,南北通透康桥水郡2室2厅精装修,17400000.0,136652.0,127.33,2室2厅,万柳,北京,海淀,万柳,8
esf,3室1厅万泉新新家园,24800000.0,150576.0,164.7,3室1厅,万柳,北京,海淀,万柳,8
esf,4室2厅万泉新新家园,32800000.0,127131.0,258.0,4室2厅,万柳,北京,海淀,万柳,8
esf,南北通透康桥水郡3室1厅精装修,16990000.0,133779.0,127.0,3室1厅,万柳,北京,海淀,万柳,8
esf,5室3厅万城华府龙园,97000000.0,245445.0,395.2,5室3厅,万柳,北京,海淀,万柳,8
esf,3室2厅阳春光华枫树园,17000000.0,118178.0,143.85,3室2厅,万柳,北京,海淀,万柳,8
esf,锋尚国际公寓 2室1厅1卫 格局方正 品质小区,12900000.0,122495.0,105.31,2室1厅,万柳,北京,海淀,万柳,8
esf,3室1厅锋尚国际公寓,16800000.0,113116.0,148.52,3室1厅,万柳,北京,海淀,万柳,8
esf,4室2厅万城华府海园,70000000.0,220146.0,317.97,4室2厅,万柳,北京,海淀,万柳,8
esf,涧桥泊屋3室1厅精装修,23800000.0,207082.0,114.93,3室1厅,万柳,北京,海淀,万柳,8
esf,2室1厅碧水云天2期,12980000.0,131111.0,99.0,2室1厅,万柳,北京,海淀,万柳,8
esf,2室1厅阳春光华枫树园,9500000.0,103452.0,91.83,2室1厅,万柳,北京,海淀,万柳,8
esf,康桥水郡2室1厅精装修,11990000.0,101981.0,117.57,2室1厅,万柳,北京,海淀,万柳,8
esf,1室1厅万泉新新家园,6400000.0,116363.0,55.0,1室1厅,万柳,北京,海淀,万柳,8
esf,3室2厅万泉新新家园,18500000.0,135204.0,136.83,3室2厅,万柳,北京,海淀,万柳,8
esf,阳春光华 3室2厅2卫 品质小区 格局方正,15200000.0,118973.0,127.76,3室2厅,万柳,北京,海淀,万柳,8
esf,"海淀双地铁万柳万泉新家园精装4居,高端大平层经典户型亲自拍摄",33990000.0,147776.0,230.01,4室2厅,海淀,北京,海淀,万柳,8
esf,"光大水墨南北三居,带,精装,户型方正,层高2.9米",21500000.0,146109.0,147.15,3室2厅,万柳,北京,海淀,万柳,8
esf,3室2厅万泉新新家园,26800000.0,167500.0,160.0,3室2厅,万柳,北京,海淀,万柳,8
esf,"光大花园,上下两层,精装修",18990000.0,88593.0,214.35,3室2厅,万柳,北京,海淀,万柳,8
esf,4室2厅万泉新新家园,50500000.0,160981.0,313.7,4室2厅,万柳,北京,海淀,万柳,8
esf,4室2厅万城华府海园,70000000.0,219690.0,318.63,4室2厅,万柳,北京,海淀,万柳,8
esf,3室2厅万泉新新家园,25800000.0,150122.0,171.86,3室2厅,万柳,北京,海淀,万柳,8
esf,3室2厅碧水云天1期,19500000.0,141921.0,137.4,3室2厅,万柳,北京,海淀,万柳,8
esf,3室2厅碧水云天2期,17500000.0,139675.0,125.29,3室2厅,万柳,北京,海淀,万柳,8
esf,4室1厅碧水云天1期,28000000.0,155538.0,180.02,4室1厅,万柳,北京,海淀,万柳,8
esf,4室2厅锋尚国际公寓,21800000.0,139743.0,156.0,4室2厅,万柳,北京,海淀,万柳,8
esf,万柳 光大西南三居室 保养好 直观园区 配套全,17300000.0,114569.0,151.0,3室2厅,万柳,北京,海淀,万柳,8
esf,今日新上带看十组|全新未入住豪华装修|着急着急看房有钥匙,35000000.0,148405.0,235.84,5室2厅,万柳,北京,海淀,万柳,8
esf,万柳 高层观景 涧桥泊屋 南北三居室 不临街 户型好,25800000.0,150279.0,171.68,3室2厅,万柳,北京,海淀,万柳,8
esf,4室2厅锋尚国际公寓,21990000.0,141870.0,155.0,4室2厅,万柳,北京,海淀,万柳,8
esf,万柳华府海园 317平 南北通透 精装大宅 企业推荐房源,70000000.0,220146.0,317.97,4室2厅,万柳,北京,海淀,万柳,8
esf,4室2厅万泉新新家园,33990000.0,147776.0,230.01,4室2厅,万柳,北京,海淀,万柳,8
esf,新上诚售 韩国业主回国变现 付款好可大谈!看房方便,12980000.0,131111.0,99.0,2室1厅,万柳,北京,海淀,万柳,8
esf,万泉新新家园 4室2厅3卫 两房朝南 客厅朝南,45000000.0,181393.0,248.08,4室2厅,万柳,北京,海淀,万柳,8
esf,锋尚国际公寓 3室2厅2卫 格局方正,22800000.0,147994.0,154.06,3室2厅,万柳,北京,海淀,万柳,8
esf,南北通透万柳书院3室1厅精装修,54000000.0,247275.0,218.38,3室1厅,万柳,北京,海淀,万柳,8
esf,南北通透涧桥泊屋3室2厅精装修,26500000.0,170133.0,155.76,3室2厅,万柳,北京,海淀,万柳,8
esf,3室2厅万泉新新家园,26800000.0,167500.0,160.0,3室2厅,万柳,北京,海淀,万柳,8
esf,3室2厅碧水云天1期,23000000.0,150189.0,153.14,3室2厅,万柳,北京,海淀,万柳,9
esf,观西山 高层景观好 同看万城华府 万泉新新家园 价格美丽,59000000.0,270171.0,218.38,3室2厅,万柳,北京,海淀,万柳,9
esf,今日新上带看十组|全新未入住豪华装修|着急着急看房有钥匙,35000000.0,148405.0,235.84,5室2厅,万柳,北京,海淀,万柳,9
esf,万泉新新家园 237.95平4居 南北向简装修 拎包入住,39800000.0,167262.0,237.95,4室2厅,万柳,北京,海淀,万柳,9
esf,南北通透康桥水郡3室1厅精装修,16990000.0,133779.0,127.0,3室1厅,万柳,北京,海淀,万柳,9
esf,2室1厅锋尚国际公寓,12990000.0,131212.0,99.0,2室1厅,万柳,北京,海淀,万柳,9
esf,南北通透涧桥泊屋3室2厅精装修,25500000.0,155175.0,164.33,3室2厅,万柳,北京,海淀,万柳,9
esf,万泉新新家园南北通透大平层 313平精装五居室,55000000.0,175718.0,313.0,5室2厅,万柳,北京,海淀,万柳,9
esf,3室2厅碧水云天2期,17500000.0,139675.0,125.29,3室2厅,万柳,北京,海淀,万柳,9
esf,懋源·璟岳4室2厅豪华装修,21990000.0,109153.0,201.46,4室2厅,万柳,北京,海淀,万柳,9
esf,蜂鸟家园 1室1厅1卫 经典实用 繁华地段,6200000.0,140366.0,44.17,1室1厅,万柳,北京,海淀,万柳,9
esf,康桥水郡3室2厅豪华装修,17800000.0,144715.0,123.0,3室2厅,万柳,北京,海淀,万柳,9
esf,4室3厅碧水云天2期,26500000.0,132898.0,199.4,4室3厅,万柳,北京,海淀,万柳,9
esf,3室2厅碧水云天2期,19580000.0,133752.0,146.39,3室2厅,万柳,北京,海淀,万柳,9
esf,南北通透康桥水郡2室2厅精装修,17400000.0,136652.0,127.33,2室2厅,万柳,北京,海淀,万柳,9
esf,4室1厅锋尚国际公寓,24800000.0,160705.0,154.32,4室1厅,万柳,北京,海淀,万柳,9
esf,3室2厅碧水云天2期,16500000.0,145618.0,113.31,3室2厅,万柳,北京,海淀,万柳,9
esf,3室2厅万泉新新家园,23800000.0,134920.0,176.4,3室2厅,万柳,北京,海淀,万柳,9
esf,康桥水郡2室1厅精装修,11990000.0,101981.0,117.57,2室1厅,万柳,北京,海淀,万柳,9
esf,3室2厅万泉新新家园,25800000.0,150122.0,171.86,3室2厅,万柳,北京,海淀,万柳,9
esf,碧水云天西区 4室2厅2卫 品质小区 客厅朝南,33000000.0,166978.0,197.63,4室2厅,万柳,北京,海淀,万柳,9
esf,万柳书院5室2厅豪华装修,85000000.0,205497.0,413.63,5室2厅,万柳,北京,海淀,万柳,9
esf,5室2厅万城华府海园,85000000.0,264131.0,321.81,5室2厅,万柳,北京,海淀,万柳,9
esf,3室2厅碧水云天1期,15000000.0,128205.0,117.0,3室2厅,万柳,北京,海淀,万柳,9
esf,4室2厅万泉新新家园,28500000.0,130249.0,218.81,4室2厅,万柳,北京,海淀,万柳,9
esf,4室2厅碧水云天2期,33000000.0,181328.0,181.99,4室2厅,万柳,北京,海淀,万柳,9
esf,海淀西三环 万柳性价比三居 带私家庭院 双车位,21500000.0,146109.0,147.15,3室2厅,海淀,北京,海淀,万柳,9
esf,3室2厅阳春光华枫树园,15850000.0,124803.0,127.0,3室2厅,万柳,北京,海淀,万柳,9
esf,正南蜂鸟社区1室1厅,6450000.0,136421.0,47.28,1室1厅,万柳,北京,海淀,万柳,9
esf,4室2厅万城华府海园,70000000.0,220146.0,317.97,4室2厅,万柳,北京,海淀,万柳,9
esf,5室3厅万城华府龙园,100000000.0,253710.0,394.15,5室3厅,万柳,北京,海淀,万柳,9
esf,南北通透涧桥泊屋4室2厅,32000000.0,174786.0,183.08,4室2厅,万柳,北京,海淀,万柳,9
esf,3室1厅阳春光华橡树园,18500000.0,134849.0,137.19,3室1厅,万柳,北京,海淀,万柳,9
esf,万柳精装三居 南西朝向高层 151平大户型,20000000.0,132450.0,151.0,3室2厅,万柳,北京,海淀,万柳,9
esf,南北通透涧桥泊屋3室2厅精装修,21800000.0,139698.0,156.05,3室2厅,万柳,北京,海淀,万柳,9
esf,4室2厅碧水云天1期,25680000.0,144043.0,178.28,4室2厅,万柳,北京,海淀,万柳,9
esf,蜂鸟社区1室1厅精装修,6300000.0,131250.0,48.0,1室1厅,万柳,北京,海淀,万柳,9
esf,万柳书院5室2厅豪华装修,85000000.0,205497.0,413.63,5室2厅,万柳,北京,海淀,万柳,9
esf,6室3厅万泉新新家园,38000000.0,132533.0,286.72,6室3厅,万柳,北京,海淀,万柳,9
esf,怡水园5室2厅精装修,35000000.0,137947.0,253.72,5室2厅,万柳,北京,海淀,万柳,9
esf,5室2厅万城华府海园,98000000.0,261054.0,375.4,5室2厅,万柳,北京,海淀,万柳,9
esf,碧水云天西区 3室2厅2卫 客厅朝南 近地铁,20880000.0,150486.0,138.75,3室2厅,万柳,北京,海淀,万柳,9
esf,南北通透万柳书院3室1厅精装修,54000000.0,247275.0,218.38,3室1厅,万柳,北京,海淀,万柳,9
esf,3室2厅碧水云天2期,22600000.0,155411.0,145.42,3室2厅,万柳,北京,海淀,万柳,9
esf,"(边户复式)万泉新新家园7室,视野开阔,直观西山美景,带车储",45000000.0,126135.0,356.76,7室3厅,万柳,北京,海淀,万柳,9
esf,涧桥泊屋2室1厅精装修,15500000.0,134782.0,115.0,2室1厅,万柳,北京,海淀,万柳,9
esf,康桥水郡2室1厅精装修,11990000.0,101981.0,117.57,2室1厅,万柳,北京,海淀,万柳,9
esf,涧桥泊屋3室2厅精装修,25500000.0,156903.0,162.52,3室2厅,万柳,北京,海淀,万柳,9
esf,4室2厅碧水云天1期,25680000.0,144043.0,178.28,4室2厅,万柳,北京,海淀,万柳,9
esf,蜂鸟社区 1室 精装修,6200000.0,140366.0,44.17,1室0厅,万柳,北京,海淀,万柳,9
esf,2室1厅锋尚国际公寓,12990000.0,131212.0,99.0,2室1厅,万柳,北京,海淀,万柳,9
esf,万泉二期 眼睛房四居室 带车位 业主自住 看房方便,39800000.0,167262.0,237.95,4室2厅,万柳,北京,海淀,万柳,9
esf,蜂鸟家园 1室1厅1卫 经典实用 品质小区,5800000.0,112229.0,51.68,1室1厅,万柳,北京,海淀,万柳,9
esf,4室2厅万泉新新家园,28500000.0,130249.0,218.81,4室2厅,万柳,北京,海淀,万柳,9
esf,3室2厅碧水云天2期,19580000.0,133752.0,146.39,3室2厅,万柳,北京,海淀,万柳,9
esf,万柳书院5室2厅豪华装修,85000000.0,205497.0,413.63,5室2厅,万柳,北京,海淀,万柳,9
esf,南北通透 万柳书院 3室1厅 精装修,54000000.0,247275.0,218.38,3室1厅,万柳,北京,海淀,万柳,9
esf,碧水云天西区 1室1厅1卫 带飘窗 品质小区,8300000.0,140916.0,58.9,1室1厅,万柳,北京,海淀,万柳,9
esf,4室3厅碧水云天2期,26500000.0,132898.0,199.4,4室3厅,万柳,北京,海淀,万柳,10
esf,3室2厅光大水墨风景,22900000.0,155496.0,147.27,3室2厅,万柳,北京,海淀,万柳,10
esf,3室2厅阳春光华枫树园,14780000.0,108183.0,136.62,3室2厅,万柳,北京,海淀,万柳,10
esf,4室2厅万泉新新家园,32800000.0,127131.0,258.0,4室2厅,万柳,北京,海淀,万柳,10
esf,万泉新新家园 3室2厅2卫 主卧朝南 客厅朝南,25600000.0,139944.0,182.93,3室2厅,万柳,北京,海淀,万柳,10
esf,3室2厅光大水墨风景,21500000.0,146109.0,147.15,3室2厅,万柳,北京,海淀,万柳,10
esf,3室2厅光大水墨风景,22900000.0,155496.0,147.27,3室2厅,万柳,北京,海淀,万柳,10
esf,万城华府龙园 394.15平5居 业主诚意高 拎包入住 急售,100000000.0,253710.0,394.15,5室3厅,万柳,北京,海淀,万柳,10
esf,4室2厅万泉新新家园,43350000.0,182181.0,237.95,4室2厅,万柳,北京,海淀,万柳,10
esf,光大花园2室1厅精装修,9250000.0,107159.0,86.32,2室1厅,万柳,北京,海淀,万柳,10
esf,4室2厅万泉新新家园,50500000.0,160981.0,313.7,4室2厅,万柳,北京,海淀,万柳,10
esf,3室2厅万泉新新家园,18500000.0,135204.0,136.83,3室2厅,万柳,北京,海淀,万柳,10
esf,2室1厅锋尚国际公寓,12990000.0,131212.0,99.0,2室1厅,万柳,北京,海淀,万柳,10
esf,2室2厅光大水墨风景,15000000.0,160479.0,93.47,2室2厅,万柳,北京,海淀,万柳,10
esf,1室1厅万泉新新家园,6400000.0,116363.0,55.0,1室1厅,万柳,北京,海淀,万柳,10
esf,万柳书院 413平豪华五居 轻松享受城市和田园生活 业主诚意,85000000.0,205497.0,413.63,5室2厅,万柳,北京,海淀,万柳,10
esf,3室2厅碧水云天1期,18000000.0,131386.0,137.0,3室2厅,万柳,北京,海淀,万柳,10
esf,4室2厅碧水云天1期,30000000.0,167700.0,178.89,4室2厅,万柳,北京,海淀,万柳,10
esf,4室2厅万泉新新家园,32800000.0,127131.0,258.0,4室2厅,万柳,北京,海淀,万柳,10
esf,5室3厅万城华府龙园,97000000.0,245445.0,395.2,5室3厅,万柳,北京,海淀,万柳,10
esf,涧桥泊屋 3室2厅 167.28平,34980000.0,209110.0,167.28,3室2厅,万柳,北京,海淀,万柳,10
esf,光大水墨风景 4室2厅3卫 两房朝南 客厅朝南,56000000.0,290155.0,193.0,4室2厅,万柳,北京,海淀,万柳,10
esf,光大花园1室1厅精装修,7400000.0,96757.0,76.48,1室1厅,万柳,北京,海淀,万柳,10
esf,4室2厅万城华府海园,70000000.0,219690.0,318.63,4室2厅,万柳,北京,海淀,万柳,10
esf,3室2厅碧水云天1期,24000000.0,161561.0,148.55,3室2厅,万柳,北京,海淀,万柳,10
esf,康桥水郡 202平4居 南北向精装修 视野无遮挡,28000000.0,138613.0,202.0,4室2厅,万柳,北京,海淀,万柳,10
esf,南北通透涧桥泊屋3室2厅精装修,26500000.0,170133.0,155.76,3室2厅,万柳,北京,海淀,万柳,10
esf,南北通透涧桥泊屋2室1厅精装修,14500000.0,113993.0,127.2,2室1厅,万柳,北京,海淀,万柳,10
esf,懋源·璟岳4室2厅豪华装修,21990000.0,109153.0,201.46,4室2厅,万柳,北京,海淀,万柳,10
esf,3室2厅阳春光华枫树园,16000000.0,111111.0,144.0,3室2厅,万柳,北京,海淀,万柳,10
esf,碧水云天西区 4室2厅2卫 客厅朝南 品质小区,33000000.0,166978.0,197.63,4室2厅,万柳,北京,海淀,万柳,10
esf,3室2厅万泉新新家园,24800000.0,154603.0,160.41,3室2厅,万柳,北京,海淀,万柳,10
esf,"(有钥匙)万柳书院精装高层南北观景平层,满五年,科技住宅",55800000.0,255517.0,218.38,3室2厅,万柳,北京,海淀,万柳,10
esf,3室2厅碧水云天1期,19500000.0,141921.0,137.4,3室2厅,万柳,北京,海淀,万柳,10
esf,4室2厅锋尚国际公寓,21800000.0,139743.0,156.0,4室2厅,万柳,北京,海淀,万柳,10
esf,4室2厅万泉新新家园,33990000.0,147776.0,230.01,4室2厅,万柳,北京,海淀,万柳,10
esf,3室2厅光大水墨风景,21000000.0,139804.0,150.21,3室2厅,万柳,北京,海淀,万柳,10
esf,3室2厅锋尚国际公寓,15500000.0,124848.0,124.15,3室2厅,万柳,北京,海淀,万柳,10
esf,3室2厅锋尚国际公寓,14680000.0,118387.0,124.0,3室2厅,万柳,北京,海淀,万柳,10
esf,涧桥泊屋2室1厅精装修,15500000.0,134782.0,115.0,2室1厅,万柳,北京,海淀,万柳,10
esf,4室2厅万城华府海园,81000000.0,234782.0,345.0,4室2厅,万柳,北京,海淀,万柳,10
esf,万城华府海园 4室3厅3卫 两房朝南 卫生间全明,85000000.0,264131.0,321.81,4室3厅,万柳,北京,海淀,万柳,10
esf,南北通透涧桥泊屋2室1厅精装修,14500000.0,113993.0,127.2,2室1厅,万柳,北京,海淀,万柳,10
esf,4室2厅万城华府龙园,76000000.0,247130.0,307.53,4室2厅,万柳,北京,海淀,万柳,10
esf,5室2厅碧水云天2期,35000000.0,148405.0,235.84,5室2厅,万柳,北京,海淀,万柳,10
esf,康桥水郡 198.21平4居 南北向精装修 视野无遮挡,24300000.0,122597.0,198.21,4室2厅,万柳,北京,海淀,万柳,10
esf,3室2厅碧水云天1期,24000000.0,161561.0,148.55,3室2厅,万柳,北京,海淀,万柳,10
esf,万柳华府 海园 345平 南北通透 豪装大宅 业主非常诚意,81000000.0,234782.0,345.0,4室2厅,万柳,北京,海淀,万柳,10
esf,南北通透康桥水郡3室1厅精装修,16990000.0,133779.0,127.0,3室1厅,万柳,北京,海淀,万柳,10
esf,"同户型,小区内没有,比这套房源诚意出售的了,有钥匙看房方便",21990000.0,141870.0,155.0,4室2厅,万柳,北京,海淀,万柳,10
esf,4室2厅万泉新新家园,33990000.0,147776.0,230.01,4室2厅,万柳,北京,海淀,万柳,10
esf,3室2厅碧水云天2期,21500000.0,153527.0,140.04,3室2厅,万柳,北京,海淀,万柳,10
esf,5室3厅万城华府龙园,97000000.0,245445.0,395.2,5室3厅,万柳,北京,海淀,万柳,10
esf,万柳书院4室2厅豪华装修,82000000.0,253501.0,323.47,4室2厅,万柳,北京,海淀,万柳,10
esf,光大花园1室1厅精装修,7400000.0,96757.0,76.48,1室1厅,万柳,北京,海淀,万柳,10
esf,南北通透涧桥泊屋2室1厅精装修,14500000.0,113993.0,127.2,2室1厅,万柳,北京,海淀,万柳,10
esf,3室2厅碧水云天1期,19500000.0,141921.0,137.4,3室2厅,万柳,北京,海淀,万柳,10
esf,万柳书院3室2厅精装修,62000000.0,225192.0,275.32,3室2厅,万柳,北京,海淀,万柳,10
esf,3室1厅万泉新新家园,24800000.0,150576.0,164.7,3室1厅,万柳,北京,海淀,万柳,10
esf,4室2厅万泉新新家园,32800000.0,127131.0,258.0,4室2厅,万柳,北京,海淀,万柳,10
esf,3室2厅万泉新新家园,26800000.0,167500.0,160.0,3室2厅,万柳,北京,海淀,万柳,11
esf,5室2厅碧水云天2期,35000000.0,148405.0,235.84,5室2厅,万柳,北京,海淀,万柳,11
esf,4室2厅万泉新新家园,29800000.0,148962.0,200.05,4室2厅,万柳,北京,海淀,万柳,11
esf,万柳高端纯粹圈层 A类资产 一梯一户 私密舒适,54000000.0,247275.0,218.38,3室1厅,万柳,北京,海淀,万柳,11
esf,4室2厅万城华府海园,70000000.0,220146.0,317.97,4室2厅,万柳,北京,海淀,万柳,11
esf,光大花园1室1厅精装修,7400000.0,96757.0,76.48,1室1厅,万柳,北京,海淀,万柳,11
esf,2室2厅锋尚国际公寓,12900000.0,122495.0,105.31,2室2厅,万柳,北京,海淀,万柳,11
esf,3室2厅阳春光华橡树园,18800000.0,137036.0,137.19,3室2厅,万柳,北京,海淀,万柳,11
esf,2室2厅万城华府龙园,24000000.0,209442.0,114.59,2室2厅,万柳,北京,海淀,万柳,11
esf,3室2厅碧水云天2期,23980000.0,166227.0,144.26,3室2厅,万柳,北京,海淀,万柳,11
esf,3室2厅万泉新新家园,23800000.0,134920.0,176.4,3室2厅,万柳,北京,海淀,万柳,11
esf,4室2厅锋尚国际公寓,21800000.0,139743.0,156.0,4室2厅,万柳,北京,海淀,万柳,11
esf,南北通透涧桥泊屋3室2厅精装修,26500000.0,170133.0,155.76,3室2厅,万柳,北京,海淀,万柳,11
esf,3室2厅万泉新新家园,25800000.0,150122.0,171.86,3室2厅,万柳,北京,海淀,万柳,11
esf,光大花园 2室2厅1卫 格局方正 经典实用,9900000.0,114689.0,86.32,2室2厅,万柳,北京,海淀,万柳,11
esf,"光大水墨,户型方正,采光充足,位置安静,出行便利",15000000.0,160479.0,93.47,2室2厅,万柳,北京,海淀,万柳,11
esf,怡水园5室2厅精装修,35000000.0,137947.0,253.72,5室2厅,万柳,北京,海淀,万柳,11
esf,4室1厅锋尚国际公寓,24800000.0,160705.0,154.32,4室1厅,万柳,北京,海淀,万柳,11
esf,3室2厅万泉新新家园,26800000.0,167500.0,160.0,3室2厅,万柳,北京,海淀,万柳,11
esf,5室3厅万泉新新家园,53000000.0,160188.0,330.86,5室3厅,万柳,北京,海淀,万柳,11
esf,3室2厅锋尚国际公寓,14680000.0,118387.0,124.0,3室2厅,万柳,北京,海淀,万柳,11
esf,锋尚国际公寓 1室1厅1卫 格局方正 经典实用,9800000.0,143505.0,68.29,1室1厅,万柳,北京,海淀,万柳,11
esf,4室2厅万泉新新家园,32800000.0,127131.0,258.0,4室2厅,万柳,北京,海淀,万柳,11
esf,4室2厅万城华府海园,70000000.0,220146.0,317.97,4室2厅,万柳,北京,海淀,万柳,11
esf,3室1厅万泉新新家园,12850000.0,91381.0,140.62,3室1厅,万柳,北京,海淀,万柳,11
esf,3室2厅碧水云天2期,21500000.0,153527.0,140.04,3室2厅,万柳,北京,海淀,万柳,11
esf,4室2厅万城华府龙园,76000000.0,247130.0,307.53,4室2厅,万柳,北京,海淀,万柳,11
esf,南北通透康桥水郡2室2厅精装修,17400000.0,136652.0,127.33,2室2厅,万柳,北京,海淀,万柳,11
esf,光大花园1室1厅精装修,7400000.0,96757.0,76.48,1室1厅,万柳,北京,海淀,万柳,11
esf,康桥水郡2室1厅精装修,11990000.0,101981.0,117.57,2室1厅,万柳,北京,海淀,万柳,11
esf,万柳万泉保养好CEO官邸复式 满五 看房有钥匙,46800000.0,173083.0,270.39,4室3厅,万柳,北京,海淀,万柳,11
esf,3室2厅万泉新新家园,22900000.0,135023.0,169.6,3室2厅,万柳,北京,海淀,万柳,11
esf,3室2厅碧水云天1期,23000000.0,150809.0,152.51,3室2厅,万柳,北京,海淀,万柳,11
esf,光大花园3室2厅豪华装修,17300000.0,114569.0,151.0,3室2厅,万柳,北京,海淀,万柳,11
esf,5室3厅万泉新新家园,53000000.0,160188.0,330.86,5室3厅,万柳,北京,海淀,万柳,11
esf,3室2厅锋尚国际公寓,15500000.0,124848.0,124.15,3室2厅,万柳,北京,海淀,万柳,11
esf,蜂鸟社区1室1厅精装修,7990000.0,102226.0,78.16,1室1厅,万柳,北京,海淀,万柳,11
esf,"海淀双地铁万柳万泉新家园精装4居,高端大平层经典户型亲自拍摄",33990000.0,147776.0,230.01,4室2厅,海淀,北京,海淀,万柳,11
esf,3室2厅阳春光华枫树园,16600000.0,109933.0,151.0,3室2厅,万柳,北京,海淀,万柳,11
esf,光大花园 1室1厅1卫 经典实用 繁华地段,7400000.0,96757.0,76.48,1室1厅,万柳,北京,海淀,万柳,11
esf,3室2厅碧水云天2期,17200000.0,137281.0,125.29,3室2厅,万柳,北京,海淀,万柳,11
esf,3室2厅碧水云天2期,22600000.0,155411.0,145.42,3室2厅,万柳,北京,海淀,万柳,11
esf,4室2厅碧水云天2期,33000000.0,181328.0,181.99,4室2厅,万柳,北京,海淀,万柳,11
esf,2室2厅光大水墨风景,15000000.0,160479.0,93.47,2室2厅,万柳,北京,海淀,万柳,11
esf,光大花园 2室2厅1卫 全南户型 主卧朝南,12200000.0,118239.0,103.18,2室2厅,万柳,北京,海淀,万柳,11
esf,5室2厅万城华府海园,85000000.0,264131.0,321.81,5室2厅,万柳,北京,海淀,万柳,11
esf,涧桥泊屋2室2厅精装修,16500000.0,135813.0,121.49,2室2厅,万柳,北京,海淀,万柳,11
esf,涧桥泊屋3室2厅精装修,25500000.0,156903.0,162.52,3室2厅,万柳,北京,海淀,万柳,11
esf,蜂鸟社区1室1厅精装修,6300000.0,131250.0,48.0,1室1厅,万柳,北京,海淀,万柳,11
esf,南北通透万柳书院3室1厅精装修,54000000.0,247275.0,218.38,3室1厅,万柳,北京,海淀,万柳,11
esf,2室1厅阳春光华枫树园,9500000.0,103452.0,91.83,2室1厅,万柳,北京,海淀,万柳,11
esf,新上!!业主诚售!!卖掉回老家!带有车位!!看中好谈!!!,25680000.0,144043.0,178.28,4室2厅,万柳,北京,海淀,万柳,11
esf,3室2厅碧水云天2期,16500000.0,145618.0,113.31,3室2厅,万柳,北京,海淀,万柳,11
esf,3室2厅碧水云天2期,17200000.0,137281.0,125.29,3室2厅,万柳,北京,海淀,万柳,11
esf,7室2厅碧水云天2期,43000000.0,140983.0,305.0,7室2厅,万柳,北京,海淀,万柳,11
esf,万泉新新家园南北通透大平层 313平精装五居室,55000000.0,175718.0,313.0,5室2厅,万柳,北京,海淀,万柳,11
esf,4室2厅万城华府海园,70000000.0,220146.0,317.97,4室2厅,万柳,北京,海淀,万柳,11
esf,4室2厅万城华府海园,70000000.0,219690.0,318.63,4室2厅,万柳,北京,海淀,万柳,11
esf,3室2厅阳春光华枫树园,14300000.0,111884.0,127.81,3室2厅,万柳,北京,海淀,万柳,11
esf,锋尚国际公寓 99平2居 南北向精装修 着急出售,12990000.0,131212.0,99.0,2室1厅,万柳,北京,海淀,万柳,12
esf,南北通透涧桥泊屋3室2厅精装修,26500000.0,170133.0,155.76,3室2厅,万柳,北京,海淀,万柳,12
esf,南北通透涧桥泊屋3室2厅精装修,25500000.0,155175.0,164.33,3室2厅,万柳,北京,海淀,万柳,12
esf,2室2厅碧水云天2期,12500000.0,133134.0,93.89,2室2厅,万柳,北京,海淀,万柳,12
esf,4室2厅万城华府海园,70000000.0,219690.0,318.63,4室2厅,万柳,北京,海淀,万柳,12
esf,4室2厅万泉新新家园,29800000.0,148962.0,200.05,4室2厅,万柳,北京,海淀,万柳,12
esf,3室2厅碧水云天2期,17500000.0,139675.0,125.29,3室2厅,万柳,北京,海淀,万柳,12
esf,怡秀园4室1厅企业推荐房源,10300000.0,85123.0,121.0,4室1厅,万柳,北京,海淀,万柳,12
esf,3室2厅万泉新新家园,26800000.0,167500.0,160.0,3室2厅,万柳,北京,海淀,万柳,12
esf,万泉新新家园 边户全明 218.81平4居 南北向 着急出售,28500000.0,130249.0,218.81,4室2厅,万柳,北京,海淀,万柳,12
esf,万泉新新家园 4室2厅2卫 主卧朝南 客厅朝南,28800000.0,131621.0,218.81,4室2厅,万柳,北京,海淀,万柳,12
esf,万柳精装三居 南西朝向高层 151平大户型,20000000.0,132450.0,151.0,3室2厅,万柳,北京,海淀,万柳,12
esf,蜂鸟社区2室1厅精装修,6000000.0,116211.0,51.63,2室1厅,万柳,北京,海淀,万柳,12
esf,4室1厅锋尚国际公寓,24800000.0,160705.0,154.32,4室1厅,万柳,北京,海淀,万柳,12
esf,3室1厅碧水云天2期,18880000.0,131111.0,144.0,3室1厅,万柳,北京,海淀,万柳,12
esf,2室2厅锋尚国际公寓,12990000.0,121231.0,107.15,2室2厅,万柳,北京,海淀,万柳,12
esf,5室3厅万城华府龙园,100000000.0,253710.0,394.15,5室3厅,万柳,北京,海淀,万柳,12
esf,4室2厅万城华府海园,70000000.0,219690.0,318.63,4室2厅,万柳,北京,海淀,万柳,12
esf,康桥水郡2室1厅精装修,11990000.0,101981.0,117.57,2室1厅,万柳,北京,海淀,万柳,12
esf,涧桥泊屋2室1厅精装修,15500000.0,134782.0,115.0,2室1厅,万柳,北京,海淀,万柳,12
esf,万柳书院5室2厅豪华装修,85000000.0,205497.0,413.63,5室2厅,万柳,北京,海淀,万柳,12
esf,万柳书院5室2厅豪华装修,85000000.0,205497.0,413.63,5室2厅,万柳,北京,海淀,万柳,12
esf,3室2厅光大水墨风景,23880000.0,156723.0,152.37,3室2厅,万柳,北京,海淀,万柳,12
esf,4室2厅万城华府龙园,76000000.0,247130.0,307.53,4室2厅,万柳,北京,海淀,万柳,12
esf,新上 橡树园中间楼 南北稀雀大五室 前后不临街户型方正 急售,22800000.0,121179.0,188.15,4室2厅,万柳,北京,海淀,万柳,12
esf,3室2厅碧水云天1期,23000000.0,150809.0,152.51,3室2厅,万柳,北京,海淀,万柳,12
esf,3室2厅锋尚国际公寓,15500000.0,124848.0,124.15,3室2厅,万柳,北京,海淀,万柳,12
esf,康桥水郡2室1厅精装修,11990000.0,101981.0,117.57,2室1厅,万柳,北京,海淀,万柳,12
esf,南北通透万柳书院3室1厅精装修,54000000.0,247275.0,218.38,3室1厅,万柳,北京,海淀,万柳,12
esf,3室2厅光大水墨风景,24000000.0,163254.0,147.01,3室2厅,万柳,北京,海淀,万柳,12
esf,4室2厅碧水云天2期,33000000.0,181328.0,181.99,4室2厅,万柳,北京,海淀,万柳,12
esf,位置好 装修好 复式官邸 万城华府海园 玺园 尚园看房随时,70000000.0,219690.0,318.63,4室3厅,万柳,北京,海淀,万柳,12
esf,3室2厅碧水云天1期,23000000.0,150189.0,153.14,3室2厅,万柳,北京,海淀,万柳,12
esf,南北通透小南庄3室2厅精装修,11200000.0,82656.0,135.5,3室2厅,万柳,北京,海淀,万柳,12
esf,3室1厅锋尚国际公寓,16800000.0,113116.0,148.52,3室1厅,万柳,北京,海淀,万柳,12
esf,3室2厅碧水云天2期,19580000.0,133752.0,146.39,3室2厅,万柳,北京,海淀,万柳,12
esf,南北通透康桥水郡4室2厅精装修,24300000.0,122597.0,198.21,4室2厅,万柳,北京,海淀,万柳,12
esf,"(CEO复式官邸)万泉新新4居,三卧朝南,有车储,有钥匙",46800000.0,173083.0,270.39,4室3厅,万柳,北京,海淀,万柳,12
esf,蜂鸟社区 48平1居 北向精装修 着急出售,6300000.0,131250.0,48.0,1室1厅,万柳,北京,海淀,万柳,12
esf,万泉新新家园 1室1厅1卫 格局方正 品质小区,7980000.0,131358.0,60.75,1室1厅,万柳,北京,海淀,万柳,12
esf,光大花园1室1厅精装修,7400000.0,96757.0,76.48,1室1厅,万柳,北京,海淀,万柳,12
esf,4室2厅万城华府海园,81000000.0,234782.0,345.0,4室2厅,万柳,北京,海淀,万柳,12
esf,2室1厅阳春光华枫树园,9600000.0,104541.0,91.83,2室1厅,万柳,北京,海淀,万柳,12
esf,4室2厅万泉新新家园,39800000.0,167262.0,237.95,4室2厅,万柳,北京,海淀,万柳,12
esf,4室2厅万泉新新家园,32800000.0,127131.0,258.0,4室2厅,万柳,北京,海淀,万柳,12
esf,万柳书院3室2厅精装修,62000000.0,225192.0,275.32,3室2厅,万柳,北京,海淀,万柳,12
esf,怡水园5室2厅精装修,35000000.0,137947.0,253.72,5室2厅,万柳,北京,海淀,万柳,12
esf,4室2厅万泉新新家园,28500000.0,130249.0,218.81,4室2厅,万柳,北京,海淀,万柳,12
esf,蜂鸟家园 1室0厅1卫 视野开阔 采光充足,6450000.0,124806.0,51.68,1室0厅,万柳,北京,海淀,万柳,12
esf,30套可看 万城华府豪华装修大平层 万柳书院 价格可谈,83500000.0,279282.0,298.98,4室3厅,万柳,北京,海淀,万柳,12
esf,3室2厅万泉新新家园,25600000.0,139890.0,183.0,3室2厅,万柳,北京,海淀,万柳,12
esf,蜂鸟社区2室1厅精装修,7990000.0,101408.0,78.79,2室1厅,万柳,北京,海淀,万柳,12
esf,怡水园5室2厅精装修,35000000.0,137947.0,253.72,5室2厅,万柳,北京,海淀,万柳,12
esf,4室3厅碧水云天2期,26500000.0,132898.0,199.4,4室3厅,万柳,北京,海淀,万柳,12
esf,3室2厅万泉新新家园,18500000.0,135204.0,136.83,3室2厅,万柳,北京,海淀,万柳,12
esf,南北通透康桥水郡4室2厅精装修,28000000.0,138613.0,202.0,4室2厅,万柳,北京,海淀,万柳,12
esf,3室2厅万泉新新家园,18500000.0,135204.0,136.83,3室2厅,万柳,北京,海淀,万柳,12
esf,懋源·璟岳4室2厅豪华装修,24800000.0,123101.0,201.46,4室2厅,万柳,北京,海淀,万柳,12
esf,涧桥泊屋3室2厅精装修,25500000.0,156903.0,162.52,3室2厅,万柳,北京,海淀,万柳,12
esf,2室1厅碧水云天2期,12980000.0,131111.0,99.0,2室1厅,万柳,北京,海淀,万柳,13
esf,南北通透康桥水郡2室1厅,16500000.0,129584.0,127.33,2室1厅,万柳,北京,海淀,万柳,13
esf,南北通透+出行便利+位置安静+光大水墨风景+位置安静,22900000.0,155496.0,147.27,3室2厅,万柳,北京,海淀,万柳,13
esf,阳春光华 3室2厅2卫 品质小区 格局方正,15200000.0,118973.0,127.76,3室2厅,万柳,北京,海淀,万柳,13
esf,3室2厅万泉新新家园,26800000.0,167500.0,160.0,3室2厅,万柳,北京,海淀,万柳,13
esf,万柳 万泉新新家园 南北三居室 保养好 不临街 有车位,23800000.0,134920.0,176.4,3室2厅,万柳,北京,海淀,万柳,13
esf,涧桥泊屋 3室2厅 167.28平,34980000.0,209110.0,167.28,3室2厅,万柳,北京,海淀,万柳,13
esf,4室2厅万城华府海园,81000000.0,234782.0,345.0,4室2厅,万柳,北京,海淀,万柳,13
esf,3室2厅碧水云天2期,21500000.0,153527.0,140.04,3室2厅,万柳,北京,海淀,万柳,13
esf,4室2厅万泉新新家园,50500000.0,160981.0,313.7,4室2厅,万柳,北京,海淀,万柳,13
esf,4室2厅碧水云天1期,25680000.0,144043.0,178.28,4室2厅,万柳,北京,海淀,万柳,13
esf,3室2厅光大水墨风景,22900000.0,155496.0,147.27,3室2厅,万柳,北京,海淀,万柳,13
esf,涧桥泊屋2室2厅精装修,16500000.0,135813.0,121.49,2室2厅,万柳,北京,海淀,万柳,13
esf,碧水云天客厅三卧全朝南三居室 位置好 中高层 采光视野棒,23500000.0,161689.0,145.34,3室2厅,万柳,北京,海淀,万柳,13
esf,"(有钥匙)万柳书院精装高层南北观景平层,满五年,科技住宅",55800000.0,255517.0,218.38,3室2厅,万柳,北京,海淀,万柳,13
esf,南北通透涧桥泊屋3室2厅精装修,26500000.0,170133.0,155.76,3室2厅,万柳,北京,海淀,万柳,13
esf,万柳书院5室2厅豪华装修,85000000.0,205497.0,413.63,5室2厅,万柳,北京,海淀,万柳,13
esf,南北通透涧桥泊屋3室2厅精装修,21800000.0,139698.0,156.05,3室2厅,万柳,北京,海淀,万柳,13
esf,1室1厅碧水云天2期,7900000.0,96671.0,81.72,1室1厅,万柳,北京,海淀,万柳,13
esf,康桥水郡2室1厅精装修,11990000.0,101981.0,117.57,2室1厅,万柳,北京,海淀,万柳,13
esf,涧桥泊屋3室2厅精装修,25500000.0,156903.0,162.52,3室2厅,万柳,北京,海淀,万柳,13
esf,南北通透涧桥泊屋2室1厅精装修,14500000.0,113993.0,127.2,2室1厅,万柳,北京,海淀,万柳,13
esf,涧桥泊屋2室1厅精装修,15500000.0,134782.0,115.0,2室1厅,万柳,北京,海淀,万柳,13
esf,3室2厅阳春光华枫树园,16000000.0,111111.0,144.0,3室2厅,万柳,北京,海淀,万柳,13
esf,3室2厅阳春光华枫树园,17000000.0,118178.0,143.85,3室2厅,万柳,北京,海淀,万柳,13
esf,懋源·璟岳4室2厅豪华装修,18900000.0,115335.0,163.87,4室2厅,万柳,北京,海淀,万柳,13
esf,4室2厅万泉新新家园,43350000.0,182181.0,237.95,4室2厅,万柳,北京,海淀,万柳,13
esf,南北通透康桥水郡2室2厅精装修,17400000.0,136652.0,127.33,2室2厅,万柳,北京,海淀,万柳,13
esf,光大花园3室2厅豪华装修,17300000.0,114569.0,151.0,3室2厅,万柳,北京,海淀,万柳,13
esf,涧桥泊屋3室2厅精装修,25500000.0,156903.0,162.52,3室2厅,万柳,北京,海淀,万柳,13
esf,3室2厅万泉新新家园,25600000.0,139890.0,183.0,3室2厅,万柳,北京,海淀,万柳,13
esf,万柳书院3室2厅精装修,62000000.0,225192.0,275.32,3室2厅,万柳,北京,海淀,万柳,13
esf,3室1厅万泉新新家园,24800000.0,150576.0,164.7,3室1厅,万柳,北京,海淀,万柳,13
esf,万柳精装三居 南西朝向高层 151平大户型,20000000.0,132450.0,151.0,3室2厅,万柳,北京,海淀,万柳,13
esf,3室2厅万泉新新家园,24400000.0,149693.0,163.0,3室2厅,万柳,北京,海淀,万柳,13
esf,3室2厅万泉新新家园,18500000.0,135204.0,136.83,3室2厅,万柳,北京,海淀,万柳,13
esf,南北通透涧桥泊屋4室2厅,32000000.0,174786.0,183.08,4室2厅,万柳,北京,海淀,万柳,13
esf,3室2厅万泉新新家园,22900000.0,135023.0,169.6,3室2厅,万柳,北京,海淀,万柳,13
esf,南北通透涧桥泊屋3室2厅精装修,25500000.0,155175.0,164.33,3室2厅,万柳,北京,海淀,万柳,13
esf,3室2厅万泉新新家园,25800000.0,150122.0,171.86,3室2厅,万柳,北京,海淀,万柳,13
esf,3室2厅碧水云天2期,20880000.0,150486.0,138.75,3室2厅,万柳,北京,海淀,万柳,13
esf,4室3厅碧水云天2期,26500000.0,132898.0,199.4,4室3厅,万柳,北京,海淀,万柳,13
esf,南北通透涧桥泊屋2室1厅精装修,14500000.0,113993.0,127.2,2室1厅,万柳,北京,海淀,万柳,13
esf,3室2厅万泉新新家园,26800000.0,167500.0,160.0,3室2厅,万柳,北京,海淀,万柳,13
esf,2室1厅锋尚国际公寓,12990000.0,131212.0,99.0,2室1厅,万柳,北京,海淀,万柳,13
esf,南北通透康桥水郡4室2厅精装修,24300000.0,122597.0,198.21,4室2厅,万柳,北京,海淀,万柳,13
esf,3室2厅碧水云天2期,23980000.0,166227.0,144.26,3室2厅,万柳,北京,海淀,万柳,13
esf,3室2厅阳春光华枫树园,14300000.0,113222.0,126.3,3室2厅,万柳,北京,海淀,万柳,13
esf,3室2厅阳春光华橡树园,18800000.0,137036.0,137.19,3室2厅,万柳,北京,海淀,万柳,13
esf,万柳书院4室2厅豪华装修,82000000.0,253501.0,323.47,4室2厅,万柳,北京,海淀,万柳,13
esf,3室2厅碧水云天2期,16500000.0,145618.0,113.31,3室2厅,万柳,北京,海淀,万柳,13
esf,万柳 康桥水郡 低总价小复式室内大面积 钥匙房 有车位 毛坯,29500000.0,156208.0,188.85,4室2厅,万柳,北京,海淀,万柳,13
esf,3室2厅万泉新新家园,25600000.0,139890.0,183.0,3室2厅,万柳,北京,海淀,万柳,13
esf,万柳华府 海园 345平 南北通透 豪装大宅 业主非常诚意,81000000.0,234782.0,345.0,4室2厅,万柳,北京,海淀,万柳,13
esf,3室2厅碧水云天2期,19580000.0,133752.0,146.39,3室2厅,万柳,北京,海淀,万柳,13
esf,蜂鸟家园 1室0厅1卫 视野开阔 采光充足,6450000.0,124806.0,51.68,1室0厅,万柳,北京,海淀,万柳,13
esf,万柳万泉新新家园 三卧室南观景房 远眺佛香阁 四十平客厅,24800000.0,150576.0,164.7,3室2厅,万柳,北京,海淀,万柳,13
esf,涧桥泊屋3室2厅精装修,25500000.0,156903.0,162.52,3室2厅,万柳,北京,海淀,万柳,13
esf,5室2厅万泉新新家园,55000000.0,175718.0,313.0,5室2厅,万柳,北京,海淀,万柳,14
esf,光大花园 3室2厅2卫 格局方正 品质小区,15800000.0,115336.0,136.99,3室2厅,万柳,北京,海淀,万柳,14
esf,3室2厅碧水云天2期,17200000.0,137281.0,125.29,3室2厅,万柳,北京,海淀,万柳,14
esf,懋源·璟岳4室2厅豪华装修,21500000.0,131201.0,163.87,4室2厅,万柳,北京,海淀,万柳,14
esf,4室2厅碧水云天1期,25680000.0,144043.0,178.28,4室2厅,万柳,北京,海淀,万柳,14
esf,4室2厅万城华府海园,70000000.0,219690.0,318.63,4室2厅,万柳,北京,海淀,万柳,14
esf,南北通透康桥水郡4室2厅精装修,24300000.0,122597.0,198.21,4室2厅,万柳,北京,海淀,万柳,14
esf,懋源·璟岳4室2厅豪华装修,18900000.0,115335.0,163.87,4室2厅,万柳,北京,海淀,万柳,14
esf,怡秀园4室1厅企业推荐房源,10300000.0,85123.0,121.0,4室1厅,万柳,北京,海淀,万柳,14
esf,南北通透康桥水郡4室2厅精装修,24300000.0,122597.0,198.21,4室2厅,万柳,北京,海淀,万柳,14
esf,南北通透涧桥泊屋2室1厅精装修,14500000.0,113993.0,127.2,2室1厅,万柳,北京,海淀,万柳,14
esf,光大花园3室2厅精装修,14990000.0,99271.0,151.0,3室2厅,万柳,北京,海淀,万柳,14
esf,2室2厅锋尚国际公寓,12990000.0,121231.0,107.15,2室2厅,万柳,北京,海淀,万柳,14
esf,3室2厅万泉新新家园,26000000.0,152002.0,171.05,3室2厅,万柳,北京,海淀,万柳,14
esf,正南新起点嘉园4室3厅精装修,14000000.0,65752.0,212.92,4室3厅,万柳,北京,海淀,万柳,14
esf,万柳书院4室2厅豪华装修,82000000.0,253501.0,323.47,4室2厅,万柳,北京,海淀,万柳,14
esf,南北通透涧桥泊屋3室2厅精装修,25500000.0,155175.0,164.33,3室2厅,万柳,北京,海淀,万柳,14
esf,3室2厅万泉新新家园,26800000.0,167500.0,160.0,3室2厅,万柳,北京,海淀,万柳,14
esf,蜂鸟家园 1室0厅1卫 客厅带阳台 客厅朝南,5680000.0,109567.0,51.84,1室0厅,万柳,北京,海淀,万柳,14
esf,3室2厅万泉新新家园,26000000.0,152002.0,171.05,3室2厅,万柳,北京,海淀,万柳,14
esf,光大花园3室2厅精装修,14990000.0,99271.0,151.0,3室2厅,万柳,北京,海淀,万柳,14
esf,新上 橡树园中间楼 南北稀雀大五室 前后不临街户型方正 急售,22800000.0,121179.0,188.15,4室2厅,万柳,北京,海淀,万柳,14
esf,4室2厅万泉新新家园,32800000.0,127131.0,258.0,4室2厅,万柳,北京,海淀,万柳,14
esf,5室3厅万泉新新家园,53000000.0,160188.0,330.86,5室3厅,万柳,北京,海淀,万柳,14
esf,4室2厅锋尚国际公寓,21800000.0,139743.0,156.0,4室2厅,万柳,北京,海淀,万柳,14
esf,3室2厅万泉新新家园,25600000.0,139890.0,183.0,3室2厅,万柳,北京,海淀,万柳,14
esf,万泉新新家园 3室2厅2卫 主卧朝南,25600000.0,139944.0,182.93,3室2厅,万柳,北京,海淀,万柳,14
esf,碧水云天西区 1室1厅1卫 品质小区 经典实用,6990000.0,118675.0,58.9,1室1厅,万柳,北京,海淀,万柳,14
esf,南北通透涧桥泊屋3室2厅精装修,25500000.0,155175.0,164.33,3室2厅,万柳,北京,海淀,万柳,14
esf,新上 橡树园中间楼 南北稀雀大五室 前后不临街户型方正 急售,22800000.0,121179.0,188.15,4室2厅,万柳,北京,海淀,万柳,14
esf,海淀 西三环 新装修 人车分流社区 3室1厅阳春光华枫树园,17800000.0,135206.0,131.65,3室1厅,海淀,北京,海淀,万柳,14
esf,锋尚国际公寓 4室2厅2卫 格局方正 经典实用,21580000.0,140075.0,154.06,4室2厅,万柳,北京,海淀,万柳,14
esf,南北通透涧桥泊屋2室1厅精装修,14500000.0,113993.0,127.2,2室1厅,万柳,北京,海淀,万柳,14
esf,碧水云天西区 4室2厅2卫 品质小区 客厅朝南,33000000.0,166978.0,197.63,4室2厅,万柳,北京,海淀,万柳,14
esf,4室1厅锋尚国际公寓,24800000.0,160705.0,154.32,4室1厅,万柳,北京,海淀,万柳,14
esf,锋尚国际公寓 4室2厅2卫 品质小区 格局方正,19800000.0,128521.0,154.06,4室2厅,万柳,北京,海淀,万柳,14
esf,3室1厅阳春光华枫树园,17800000.0,135206.0,131.65,3室1厅,万柳,北京,海淀,万柳,14
esf,万柳书院5室2厅豪华装修,85000000.0,205497.0,413.63,5室2厅,万柳,北京,海淀,万柳,14
esf,房东已经看好新房 等待有缘人 价格大谈 来电询底价,81000000.0,234782.0,345.0,4室2厅,万柳,北京,海淀,万柳,14
esf,万柳书院413平豪华五居 东南北向低楼层,85000000.0,205497.0,413.63,5室2厅,万柳,北京,海淀,万柳,14
esf,南北通透涧桥泊屋3室2厅精装修,21800000.0,139698.0,156.05,3室2厅,万柳,北京,海淀,万柳,14
esf,3室2厅碧水云天2期,20880000.0,150486.0,138.75,3室2厅,万柳,北京,海淀,万柳,14
esf,涧桥泊屋3室1厅精装修,23800000.0,207082.0,114.93,3室1厅,万柳,北京,海淀,万柳,14
esf,3室1厅锋尚国际公寓,16800000.0,113116.0,148.52,3室1厅,万柳,北京,海淀,万柳,14
esf,万柳书院5室2厅豪华装修,85000000.0,205497.0,413.63,5室2厅,万柳,北京,海淀,万柳,14
esf,新起点嘉园3室1厅企业推荐房源,9000000.0,82364.0,109.27,3室1厅,万柳,北京,海淀,万柳,14
esf,4室2厅碧水云天1期,25680000.0,144043.0,178.28,4室2厅,万柳,北京,海淀,万柳,14
esf,南北通透涧桥泊屋3室2厅精装修,26500000.0,170133.0,155.76,3室2厅,万柳,北京,海淀,万柳,14
esf,3室2厅锋尚国际公寓,14680000.0,118387.0,124.0,3室2厅,万柳,北京,海淀,万柳,14
esf,南北通透涧桥泊屋3室2厅精装修,25500000.0,155175.0,164.33,3室2厅,万柳,北京,海淀,万柳,14
esf,3室2厅锋尚国际公寓,14680000.0,118387.0,124.0,3室2厅,万柳,北京,海淀,万柳,14
esf,4室2厅碧水云天1期,30000000.0,167700.0,178.89,4室2厅,万柳,北京,海淀,万柳,14
esf,4室2厅碧水云天1期,25680000.0,144043.0,178.28,4室2厅,万柳,北京,海淀,万柳,14
esf,3室2厅万泉新新家园,18500000.0,135204.0,136.83,3室2厅,万柳,北京,海淀,万柳,14
esf,5室2厅万城华府海园,98000000.0,261054.0,375.4,5室2厅,万柳,北京,海淀,万柳,14
esf,3室2厅阳春光华枫树园,18000000.0,113708.0,158.3,3室2厅,万柳,北京,海淀,万柳,14
esf,4室2厅万泉新新家园,32800000.0,127131.0,258.0,4室2厅,万柳,北京,海淀,万柳,14
esf,2室2厅阳春光华枫树园,11000000.0,102803.0,107.0,2室2厅,万柳,北京,海淀,万柳,14
esf,"超 性价比之神(只要敢出价就敢谈),量身为你打造,圆你安家梦",22600000.0,155411.0,145.42,3室2厅,万柳,北京,海淀,万柳,14
esf,3室2厅阳春光华枫树园,14300000.0,111884.0,127.81,3室2厅,万柳,北京,海淀,万柳,14
esf,1室1厅万泉新新家园,6400000.0,116363.0,55.0,1室1厅,万柳,北京,海淀,万柳,15
esf,3室2厅碧水云天2期,21500000.0,153527.0,140.04,3室2厅,万柳,北京,海淀,万柳,15
esf,蜂鸟家园 1室1厅1卫 品质小区 格局方正,6100000.0,126477.0,48.23,1室1厅,万柳,北京,海淀,万柳,15
esf,万柳阳春光华枫树园 东南向精装两居 满五,9600000.0,104541.0,91.83,2室1厅,万柳,北京,海淀,万柳,15
esf,蜂鸟家园 1室1厅1卫 带飘窗 格局方正,6500000.0,125773.0,51.68,1室1厅,万柳,北京,海淀,万柳,15
esf,南北通透万柳书院3室1厅精装修,54000000.0,247275.0,218.38,3室1厅,万柳,北京,海淀,万柳,15
esf,万柳 光大水墨 双卧朝南 精装三居室 保养好 绿茵层,24000000.0,163254.0,147.01,3室2厅,万柳,北京,海淀,万柳,15
esf,3室2厅万泉新新家园,27200000.0,169565.0,160.41,3室2厅,万柳,北京,海淀,万柳,15
esf,光大水墨风景 4室2厅3卫 两房朝南 客厅朝南,56000000.0,290155.0,193.0,4室2厅,万柳,北京,海淀,万柳,15
esf,2室1厅阳春光华枫树园,9500000.0,103452.0,91.83,2室1厅,万柳,北京,海淀,万柳,15
esf,3室2厅万泉新新家园,24400000.0,149693.0,163.0,3室2厅,万柳,北京,海淀,万柳,15
esf,万柳书院4室2厅豪华装修,82000000.0,253501.0,323.47,4室2厅,万柳,北京,海淀,万柳,15
esf,1室1厅万泉新新家园,6400000.0,116363.0,55.0,1室1厅,万柳,北京,海淀,万柳,15
esf,2室2厅阳春光华枫树园,11000000.0,102803.0,107.0,2室2厅,万柳,北京,海淀,万柳,15
esf,3室2厅万泉新新家园,25600000.0,139890.0,183.0,3室2厅,万柳,北京,海淀,万柳,15
esf,万柳 南北三居室 电梯洋房 北向直观万平绿化 有储物间,18500000.0,135204.0,136.83,3室2厅,万柳,北京,海淀,万柳,15
esf,4室2厅万泉新新家园,39800000.0,167262.0,237.95,4室2厅,万柳,北京,海淀,万柳,15
esf,康桥水郡2室1厅精装修,11990000.0,101981.0,117.57,2室1厅,万柳,北京,海淀,万柳,15
esf,新起点嘉园3室2厅精装修,16880000.0,106801.0,158.05,3室2厅,万柳,北京,海淀,万柳,15
esf,5室3厅万城华府龙园,100000000.0,253710.0,394.15,5室3厅,万柳,北京,海淀,万柳,15
esf,5室2厅万城华府海园,85000000.0,264131.0,321.81,5室2厅,万柳,北京,海淀,万柳,15
esf,3室2厅阳春光华枫树园,20000000.0,132450.0,151.0,3室2厅,万柳,北京,海淀,万柳,15
esf,万柳 临河社区 高层观景 四居室 带270度观景 带2车位,26500000.0,132898.0,199.4,4室3厅,万柳,北京,海淀,万柳,15
esf,懋源·璟岳4室2厅豪华装修,18900000.0,115335.0,163.87,4室2厅,万柳,北京,海淀,万柳,15
esf,2室1厅阳春光华枫树园,11500000.0,127777.0,90.0,2室1厅,万柳,北京,海淀,万柳,15
esf,怡水园3室2厅企业推荐房源,15250000.0,94720.0,161.0,3室2厅,万柳,北京,海淀,万柳,15
esf,4室2厅万城华府海园,70000000.0,219690.0,318.63,4室2厅,万柳,北京,海淀,万柳,15
esf,3室2厅阳春光华枫树园,16000000.0,111111.0,144.0,3室2厅,万柳,北京,海淀,万柳,15
esf,光大花园 4室2厅3卫 格局方正 两房朝南,19990000.0,112480.0,177.72,4室2厅,万柳,北京,海淀,万柳,15
esf,4室2厅万泉新新家园,28500000.0,130249.0,218.81,4室2厅,万柳,北京,海淀,万柳,15
esf,3室2厅阳春光华枫树园,15850000.0,124803.0,127.0,3室2厅,万柳,北京,海淀,万柳,15
esf,4室1厅碧水云天1期,28000000.0,155538.0,180.02,4室1厅,万柳,北京,海淀,万柳,15
esf,懋源·璟岳4室2厅豪华装修,25500000.0,122009.0,209.0,4室2厅,万柳,北京,海淀,万柳,15
esf,4室2厅万城华府海园,70000000.0,219690.0,318.63,4室2厅,万柳,北京,海淀,万柳,15
esf,3室2厅阳春光华橡树园,18800000.0,137036.0,137.19,3室2厅,万柳,北京,海淀,万柳,15
esf,4室2厅万城华府海园,75000000.0,259578.0,288.93,4室2厅,万柳,北京,海淀,万柳,15
esf,新上!!业主诚售!!卖掉回老家!带有车位!!看中好谈!!!,25680000.0,144043.0,178.28,4室2厅,万柳,北京,海淀,万柳,15
esf,光大花园 3室2厅2卫 格局方正 带飘窗,15580000.0,113730.0,136.99,3室2厅,万柳,北京,海淀,万柳,15
esf,万泉新新家园 6室1厅 286.01平,37500000.0,131114.0,286.01,6室1厅,万柳,北京,海淀,万柳,15
esf,3室2厅光大水墨风景,21500000.0,146109.0,147.15,3室2厅,万柳,北京,海淀,万柳,15
esf,5室3厅万泉新新家园,54000000.0,170886.0,316.0,5室3厅,万柳,北京,海淀,万柳,15
esf,3室2厅阳春光华枫树园,14300000.0,111884.0,127.81,3室2厅,万柳,北京,海淀,万柳,15
esf,3室2厅碧水云天1期,15000000.0,128205.0,117.0,3室2厅,万柳,北京,海淀,万柳,15
esf,3室2厅万泉新新家园,25800000.0,150122.0,171.86,3室2厅,万柳,北京,海淀,万柳,15
esf,光大花园3室2厅精装修,15800000.0,130578.0,121.0,3室2厅,万柳,北京,海淀,万柳,15
esf,3室1厅锋尚国际公寓,16800000.0,113116.0,148.52,3室1厅,万柳,北京,海淀,万柳,15
esf,南北通透万柳书院3室1厅精装修,54000000.0,247275.0,218.38,3室1厅,万柳,北京,海淀,万柳,15
esf,"海淀中关村双地铁万柳书院精装3居,高端大平层经典户型亲自拍摄",62000000.0,225192.0,275.32,3室2厅,海淀,北京,海淀,万柳,15
esf,新上 橡树园中间楼 南北稀雀大五室 前后不临街户型方正 急售,22800000.0,121179.0,188.15,4室2厅,万柳,北京,海淀,万柳,15
esf,4室2厅碧水云天1期,25680000.0,144043.0,178.28,4室2厅,万柳,北京,海淀,万柳,15
esf,4室2厅万泉新新家园,32800000.0,127131.0,258.0,4室2厅,万柳,北京,海淀,万柳,15
esf,4室2厅万城华府海园,70000000.0,219690.0,318.63,4室2厅,万柳,北京,海淀,万柳,15
esf,3室2厅阳春光华枫树园,20000000.0,132450.0,151.0,3室2厅,万柳,北京,海淀,万柳,15
esf,4室2厅万泉新新家园,43350000.0,182181.0,237.95,4室2厅,万柳,北京,海淀,万柳,15
esf,南北通透康桥水郡2室2厅精装修,17400000.0,136652.0,127.33,2室2厅,万柳,北京,海淀,万柳,15
esf,4室2厅万泉新新家园,50500000.0,160981.0,313.7,4室2厅,万柳,北京,海淀,万柳,15
esf,3室2厅万泉新新家园,26500000.0,144864.0,182.93,3室2厅,万柳,北京,海淀,万柳,15
esf,4室2厅万城华府海园,70000000.0,219690.0,318.63,4室2厅,万柳,北京,海淀,万柳,15
esf,光大花园2室1厅精装修,9300000.0,100000.0,93.0,2室1厅,万柳,北京,海淀,万柳,16
esf,位置好 装修好 复式官邸 万城华府海园 玺园 尚园看房随时,70000000.0,219690.0,318.63,4室3厅,万柳,北京,海淀,万柳,16
esf,1室1厅万泉新新家园,6400000.0,116363.0,55.0,1室1厅,万柳,北京,海淀,万柳,16
esf,3室2厅碧水云天2期,17500000.0,139675.0,125.29,3室2厅,万柳,北京,海淀,万柳,16
esf,康桥水郡3室2厅豪华装修,17800000.0,144715.0,123.0,3室2厅,万柳,北京,海淀,万柳,16
esf,万泉庄【精装、税低】视野开阔、阳光很足、拎包入住、给换房周期,4300000.0,69020.0,62.3,2室1厅,万柳,北京,海淀,万柳,16
esf,3室2厅光大水墨风景,24000000.0,163254.0,147.01,3室2厅,万柳,北京,海淀,万柳,16
esf,万泉新新家园 4室2厅2卫 主卧朝南 客厅朝南,28800000.0,131621.0,218.81,4室2厅,万柳,北京,海淀,万柳,16
esf,涧桥泊屋馆 5室1厅3卫 主卧朝南 客厅朝南,69000000.0,230437.0,299.43,5室1厅,万柳,北京,海淀,万柳,16
esf,3室1厅碧水云天2期,18880000.0,131111.0,144.0,3室1厅,万柳,北京,海淀,万柳,16
esf,4室3厅碧水云天2期,26500000.0,132898.0,199.4,4室3厅,万柳,北京,海淀,万柳,16
esf,涧桥泊屋3室2厅精装修,25500000.0,156903.0,162.52,3室2厅,万柳,北京,海淀,万柳,16
esf,3室2厅万泉新新家园,27200000.0,169565.0,160.41,3室2厅,万柳,北京,海淀,万柳,16
esf,4室2厅万城华府海园,70000000.0,220146.0,317.97,4室2厅,万柳,北京,海淀,万柳,16
esf,4室2厅万泉新新家园,33990000.0,147776.0,230.01,4室2厅,万柳,北京,海淀,万柳,16
esf,4室3厅碧水云天2期,26500000.0,132898.0,199.4,4室3厅,万柳,北京,海淀,万柳,16
esf,南北通透涧桥泊屋3室2厅精装修,26500000.0,170133.0,155.76,3室2厅,万柳,北京,海淀,万柳,16
esf,5室3厅万城华府龙园,97000000.0,245445.0,395.2,5室3厅,万柳,北京,海淀,万柳,16
esf,3室1厅锋尚国际公寓,16800000.0,113116.0,148.52,3室1厅,万柳,北京,海淀,万柳,16
esf,4室2厅万城华府海园,75000000.0,259578.0,288.93,4室2厅,万柳,北京,海淀,万柳,16
esf,2室2厅万城华府龙园,24000000.0,209442.0,114.59,2室2厅,万柳,北京,海淀,万柳,16
esf,4室2厅万泉新新家园,39800000.0,167262.0,237.95,4室2厅,万柳,北京,海淀,万柳,16
esf,光大花园1室1厅精装修,7400000.0,96757.0,76.48,1室1厅,万柳,北京,海淀,万柳,16
esf,万泉二期 眼睛房四居室 带车位 业主自住 看房方便,39800000.0,167262.0,237.95,4室2厅,万柳,北京,海淀,万柳,16
esf,2室2厅锋尚国际公寓,12990000.0,121231.0,107.15,2室2厅,万柳,北京,海淀,万柳,16
esf,1室1厅万泉新新家园,6400000.0,116363.0,55.0,1室1厅,万柳,北京,海淀,万柳,16
esf,4室2厅万城华府海园,81000000.0,234782.0,345.0,4室2厅,万柳,北京,海淀,万柳,16
esf,4室2厅万城华府海园,70000000.0,219690.0,318.63,4室2厅,万柳,北京,海淀,万柳,16
esf,南北通透康桥水郡4室2厅精装修,28000000.0,138613.0,202.0,4室2厅,万柳,北京,海淀,万柳,16
esf,3室1厅锋尚国际公寓,16800000.0,113116.0,148.52,3室1厅,万柳,北京,海淀,万柳,16
esf,南北通透涧桥泊屋4室2厅,32000000.0,174786.0,183.08,4室2厅,万柳,北京,海淀,万柳,16
esf,4室2厅万泉新新家园,32800000.0,127131.0,258.0,4室2厅,万柳,北京,海淀,万柳,16
esf,万柳康桥水郡新装修带两车库满两年只有契税,45000000.0,179354.0,250.9,4室2厅,万柳,北京,海淀,万柳,16
esf,4室2厅碧水云天2期,33000000.0,181328.0,181.99,4室2厅,万柳,北京,海淀,万柳,16
esf,康桥水郡2室1厅精装修,11990000.0,101981.0,117.57,2室1厅,万柳,北京,海淀,万柳,16
esf,南北通透万柳书院3室1厅精装修,54000000.0,247275.0,218.38,3室1厅,万柳,北京,海淀,万柳,16
esf,5室3厅万城华府龙园,100000000.0,253710.0,394.15,5室3厅,万柳,北京,海淀,万柳,16
esf,2室1厅阳春光华枫树园,9500000.0,103452.0,91.83,2室1厅,万柳,北京,海淀,万柳,16
esf,4室2厅阳春光华枫树园,22900000.0,129378.0,177.0,4室2厅,万柳,北京,海淀,万柳,16
esf,蜂鸟家园 1室1厅1卫 格局方正 品质小区,5500000.0,120746.0,45.55,1室1厅,万柳,北京,海淀,万柳,16
esf,光大花园 2室2厅1卫 格局方正 经典实用,9900000.0,114689.0,86.32,2室2厅,万柳,北京,海淀,万柳,16
esf,3室2厅阳春光华枫树园,18000000.0,113708.0,158.3,3室2厅,万柳,北京,海淀,万柳,16
esf,4室2厅万城华府龙园,76000000.0,247130.0,307.53,4室2厅,万柳,北京,海淀,万柳,16
esf,涧桥泊屋3室1厅精装修,23800000.0,207082.0,114.93,3室1厅,万柳,北京,海淀,万柳,16
esf,万泉新新家园 169.6平3居 南北向精装修 自住保养好,22900000.0,135023.0,169.6,3室2厅,万柳,北京,海淀,万柳,16
esf,3室2厅锋尚国际公寓,15500000.0,124848.0,124.15,3室2厅,万柳,北京,海淀,万柳,16
esf,"光大水墨三居,带私家庭院,全屋地暖,带车位,户型好,看房随时",21500000.0,146109.0,147.15,3室2厅,万柳,北京,海淀,万柳,16
esf,涧桥泊屋3室1厅精装修,23800000.0,207082.0,114.93,3室1厅,万柳,北京,海淀,万柳,16
esf,光大花园 2室2厅1卫 采光充足 繁华地段,9300000.0,99924.0,93.07,2室2厅,万柳,北京,海淀,万柳,16
esf,光大花园3室2厅精装修,15800000.0,130578.0,121.0,3室2厅,万柳,北京,海淀,万柳,16
esf,3室1厅万泉新新家园,12850000.0,91381.0,140.62,3室1厅,万柳,北京,海淀,万柳,16
esf,3室2厅万泉新新家园,25600000.0,139890.0,183.0,3室2厅,万柳,北京,海淀,万柳,16
esf,5室3厅万城华府龙园,97000000.0,245445.0,395.2,5室3厅,万柳,北京,海淀,万柳,16
esf,万泉新新家园 3室2厅2卫 格局方正 品质小区,12850000.0,91381.0,140.62,3室2厅,万柳,北京,海淀,万柳,16
esf,4室2厅万泉新新家园,28500000.0,130249.0,218.81,4室2厅,万柳,北京,海淀,万柳,16
esf,6室3厅万泉新新家园,38000000.0,132533.0,286.72,6室3厅,万柳,北京,海淀,万柳,16
esf,2室2厅万城华府龙园,24000000.0,209442.0,114.59,2室2厅,万柳,北京,海淀,万柳,16
esf,南北通透康桥水郡4室2厅精装修,28000000.0,138613.0,202.0,4室2厅,万柳,北京,海淀,万柳,16
esf,5室3厅万城华府龙园,100000000.0,253710.0,394.15,5室3厅,万柳,北京,海淀,万柳,16
esf,万柳书院413平豪华五居 东南北向满五住宅,85000000.0,205497.0,413.63,5室2厅,万柳,北京,海淀,万柳,17
esf,光大花园 3室2厅2卫 格局方正 品质小区,15800000.0,115336.0,136.99,3室2厅,万柳,北京,海淀,万柳,17
esf,"海淀双地铁万柳万泉新家园精装3居,高端大平层经典户型亲自拍摄",18500000.0,135204.0,136.83,3室2厅,海淀,北京,海淀,万柳,17
esf,正南蜂鸟社区1室1厅,6450000.0,136421.0,47.28,1室1厅,万柳,北京,海淀,万柳,17
esf,4室2厅碧水云天2期,33000000.0,181328.0,181.99,4室2厅,万柳,北京,海淀,万柳,17
esf,3室2厅万泉新新家园,26800000.0,167500.0,160.0,3室2厅,万柳,北京,海淀,万柳,17
esf,2室1厅阳春光华枫树园,11500000.0,127777.0,90.0,2室1厅,万柳,北京,海淀,万柳,17
esf,"小区孤品,带产权车位,房东旅居国外处置国内资产!!看房提前约",25800000.0,150279.0,171.68,3室2厅,万柳,北京,海淀,万柳,17
esf,怡水园3室2厅企业推荐房源,15250000.0,94720.0,161.0,3室2厅,万柳,北京,海淀,万柳,17
esf,5室3厅万城华府龙园,100000000.0,253710.0,394.15,5室3厅,万柳,北京,海淀,万柳,17
esf,3室2厅阳春光华枫树园,16600000.0,109933.0,151.0,3室2厅,万柳,北京,海淀,万柳,17
esf,3室2厅碧水云天2期,16500000.0,145618.0,113.31,3室2厅,万柳,北京,海淀,万柳,17
esf,2室2厅万城华府龙园,24000000.0,209442.0,114.59,2室2厅,万柳,北京,海淀,万柳,17
esf,南北通透涧桥泊屋3室2厅精装修,21800000.0,139698.0,156.05,3室2厅,万柳,北京,海淀,万柳,17
esf,4室2厅碧水云天2期,33000000.0,181328.0,181.99,4室2厅,万柳,北京,海淀,万柳,17
esf,4室2厅万泉新新家园,39800000.0,167262.0,237.95,4室2厅,万柳,北京,海淀,万柳,17
esf,2室2厅万城华府龙园,24000000.0,209442.0,114.59,2室2厅,万柳,北京,海淀,万柳,17
esf,3室2厅碧水云天2期,17500000.0,139675.0,125.29,3室2厅,万柳,北京,海淀,万柳,17
esf,万柳 碧水云天 中高屋观园区绿化 不临街 位置安静,8900000.0,147546.0,60.32,1室1厅,万柳,北京,海淀,万柳,17
esf,2室1厅锋尚国际公寓,12990000.0,131212.0,99.0,2室1厅,万柳,北京,海淀,万柳,17
esf,4室2厅万城华府海园,75000000.0,259578.0,288.93,4室2厅,万柳,北京,海淀,万柳,17
esf,5室3厅万泉新新家园,53000000.0,160188.0,330.86,5室3厅,万柳,北京,海淀,万柳,17
esf,懋源·璟岳4室2厅豪华装修,26990000.0,128597.0,209.88,4室2厅,万柳,北京,海淀,万柳,17
esf,4室2厅万城华府海园,70000000.0,219690.0,318.63,4室2厅,万柳,北京,海淀,万柳,17
esf,3室2厅碧水云天2期,21500000.0,153527.0,140.04,3室2厅,万柳,北京,海淀,万柳,17
esf,光大花园3室2厅精装修,14990000.0,99271.0,151.0,3室2厅,万柳,北京,海淀,万柳,17
esf,3室2厅碧水云天2期,21500000.0,153527.0,140.04,3室2厅,万柳,北京,海淀,万柳,17
esf,蜂鸟社区1室1厅精装修,7990000.0,102226.0,78.16,1室1厅,万柳,北京,海淀,万柳,17
esf,"光大花园,上下两层,精装修",18990000.0,88593.0,214.35,3室2厅,万柳,北京,海淀,万柳,17
esf,5室3厅万城华府龙园,100000000.0,253710.0,394.15,5室3厅,万柳,北京,海淀,万柳,17
esf,蜂鸟家园 1室1厅1卫 经典实用 品质小区,5800000.0,112229.0,51.68,1室1厅,万柳,北京,海淀,万柳,17
esf,4室2厅万泉新新家园,32800000.0,127131.0,258.0,4室2厅,万柳,北京,海淀,万柳,17
esf,怡秀园4室1厅企业推荐房源,10300000.0,85123.0,121.0,4室1厅,万柳,北京,海淀,万柳,17
esf,碧水云天西区 4室2厅2卫 品质小区 客厅朝南,33000000.0,166978.0,197.63,4室2厅,万柳,北京,海淀,万柳,17
esf,"海淀双地铁万柳万泉新家园精装4居,高端大平层经典户型亲自拍摄",28500000.0,130249.0,218.81,4室2厅,海淀,北京,海淀,万柳,17
esf,5室2厅万城华府海园,85000000.0,264131.0,321.81,5室2厅,万柳,北京,海淀,万柳,17
esf,3室2厅阳春光华枫树园,14300000.0,111884.0,127.81,3室2厅,万柳,北京,海淀,万柳,17
esf,3室2厅阳春光华枫树园,16600000.0,109933.0,151.0,3室2厅,万柳,北京,海淀,万柳,17
esf,涧桥泊屋馆 3室2厅2卫 格局方正 品质小区,26800000.0,164902.0,162.52,3室2厅,万柳,北京,海淀,万柳,17
esf,3室2厅阳春光华枫树园,14300000.0,111884.0,127.81,3室2厅,万柳,北京,海淀,万柳,17
esf,4室2厅万泉新新家园,29800000.0,148962.0,200.05,4室2厅,万柳,北京,海淀,万柳,17
esf,锋尚国际公寓 3室2厅2卫 两房朝南 品质小区,18880000.0,134972.0,139.88,3室2厅,万柳,北京,海淀,万柳,17
esf,万柳万泉一层带南花园 满五年税费少 带车位 位置好,29800000.0,148962.0,200.05,4室2厅,万柳,北京,海淀,万柳,17
esf,3室2厅阳春光华枫树园,15850000.0,124803.0,127.0,3室2厅,万柳,北京,海淀,万柳,17
esf,锋尚国际公寓 4室2厅2卫 主卧朝南 视野开阔,22900000.0,147428.0,155.33,4室2厅,万柳,北京,海淀,万柳,17
esf,蜂鸟社区 1室 精装修,6200000.0,140366.0,44.17,1室0厅,万柳,北京,海淀,万柳,17
esf,3室2厅碧水云天1期,24000000.0,161561.0,148.55,3室2厅,万柳,北京,海淀,万柳,17
esf,碧水云天西区 3室2厅2卫 经典实用 格局方正,29000000.0,173258.0,167.38,3室2厅,万柳,北京,海淀,万柳,17
esf,锋尚国际公寓 3室2厅3卫 品质小区 格局方正,20000000.0,98638.0,202.76,3室2厅,万柳,北京,海淀,万柳,17
esf,3室2厅阳春光华枫树园,16000000.0,111111.0,144.0,3室2厅,万柳,北京,海淀,万柳,17
esf,3室2厅万泉新新家园,23800000.0,134920.0,176.4,3室2厅,万柳,北京,海淀,万柳,17
esf,3室2厅阳春光华枫树园,15500000.0,108741.0,142.54,3室2厅,万柳,北京,海淀,万柳,17
esf,万泉新新家园 3室2厅2卫 主卧朝南 格局方正,22900000.0,134983.0,169.65,3室2厅,万柳,北京,海淀,万柳,17
esf,碧水云天东区 3室2厅2卫 两房朝南 客厅带阳台,19500000.0,141983.0,137.34,3室2厅,万柳,北京,海淀,万柳,17
esf,3室2厅万泉新新家园,26800000.0,167500.0,160.0,3室2厅,万柳,北京,海淀,万柳,17
esf,2室2厅锋尚国际公寓,12990000.0,121231.0,107.15,2室2厅,万柳,北京,海淀,万柳,17
esf,4室2厅碧水云天1期,30000000.0,167700.0,178.89,4室2厅,万柳,北京,海淀,万柳,17
esf,3室2厅阳春光华枫树园,14780000.0,108183.0,136.62,3室2厅,万柳,北京,海淀,万柳,17
esf,海淀西三环 万柳商圈 板楼社区 新小区涧桥泊屋2室2厅精装修,16500000.0,135813.0,121.49,2室2厅,海淀,北京,海淀,万柳,17
esf,光大花园 3室2厅2卫 格局方正 品质小区,15800000.0,115336.0,136.99,3室2厅,万柳,北京,海淀,万柳,18
esf,3室2厅万泉新新家园,26800000.0,167500.0,160.0,3室2厅,万柳,北京,海淀,万柳,18
esf,3室2厅碧水云天1期,19500000.0,141921.0,137.4,3室2厅,万柳,北京,海淀,万柳,18
esf,3室2厅碧水云天2期,17200000.0,137281.0,125.29,3室2厅,万柳,北京,海淀,万柳,18
esf,2室1厅阳春光华枫树园,9500000.0,103452.0,91.83,2室1厅,万柳,北京,海淀,万柳,18
esf,3室1厅碧水云天2期,18880000.0,131111.0,144.0,3室1厅,万柳,北京,海淀,万柳,18
esf,3室2厅碧水云天2期,23980000.0,166227.0,144.26,3室2厅,万柳,北京,海淀,万柳,18
esf,3室2厅阳春光华枫树园,16600000.0,109933.0,151.0,3室2厅,万柳,北京,海淀,万柳,18
esf,涧桥泊屋3室1厅精装修,23800000.0,207082.0,114.93,3室1厅,万柳,北京,海淀,万柳,18
esf,5室2厅万城华府海园,85000000.0,264131.0,321.81,5室2厅,万柳,北京,海淀,万柳,18
esf,3室2厅万泉新新家园,26500000.0,144864.0,182.93,3室2厅,万柳,北京,海淀,万柳,18
esf,4室2厅万城华府海园,70000000.0,219690.0,318.63,4室2厅,万柳,北京,海淀,万柳,18
esf,3室2厅阳春光华枫树园,14780000.0,108183.0,136.62,3室2厅,万柳,北京,海淀,万柳,18
esf,康桥水郡 1室1厅1卫 带飘窗 客厅带阳台,7100000.0,144661.0,49.08,1室1厅,万柳,北京,海淀,万柳,18
esf,5室3厅万泉新新家园,53000000.0,160188.0,330.86,5室3厅,万柳,北京,海淀,万柳,18
esf,万柳书院4室2厅豪华装修,82000000.0,253501.0,323.47,4室2厅,万柳,北京,海淀,万柳,18
esf,碧水云天西区 1室1厅1卫 带飘窗 品质小区,8300000.0,140916.0,58.9,1室1厅,万柳,北京,海淀,万柳,18
esf,南北通透涧桥泊屋4室2厅,32000000.0,174786.0,183.08,4室2厅,万柳,北京,海淀,万柳,18
esf,阳春光华枫树园 142.54平3居 西南向精装修 视野无遮挡,15500000.0,108741.0,142.54,3室2厅,万柳,北京,海淀,万柳,18
esf,南北通透涧桥泊屋2室1厅精装修,14500000.0,113993.0,127.2,2室1厅,万柳,北京,海淀,万柳,18
esf,3室2厅光大水墨风景,21500000.0,146109.0,147.15,3室2厅,万柳,北京,海淀,万柳,18
esf,4室2厅万城华府海园,70000000.0,219690.0,318.63,4室2厅,万柳,北京,海淀,万柳,18
esf,万柳 锋尚国际二期 高层四居室 恒温恒湿 园区人车分流,21800000.0,139743.0,156.0,4室2厅,万柳,北京,海淀,万柳,18
esf,2室1厅锋尚国际公寓,12990000.0,131212.0,99.0,2室1厅,万柳,北京,海淀,万柳,18
esf,5室3厅万城华府龙园,97000000.0,245445.0,395.2,5室3厅,万柳,北京,海淀,万柳,18
esf,懋源·璟岳4室2厅豪华装修,24800000.0,123101.0,201.46,4室2厅,万柳,北京,海淀,万柳,18
esf,"万泉新新少有一层下跃户型163.36㎡ 80㎡,有车位有花苑",28000000.0,171400.0,163.36,3室2厅,万柳,北京,海淀,万柳,18
esf,2室1厅锋尚国际公寓,12990000.0,131212.0,99.0,2室1厅,万柳,北京,海淀,万柳,18
esf,3室2厅碧水云天1期,18000000.0,131386.0,137.0,3室2厅,万柳,北京,海淀,万柳,18
esf,3室2厅光大水墨风景,21900000.0,145399.0,150.62,3室2厅,万柳,北京,海淀,万柳,18
esf,4室2厅碧水云天1期,25680000.0,144043.0,178.28,4室2厅,万柳,北京,海淀,万柳,18
esf,7室2厅碧水云天2期,43000000.0,140983.0,305.0,7室2厅,万柳,北京,海淀,万柳,18
esf,4室2厅万城华府海园,75000000.0,259578.0,288.93,4室2厅,万柳,北京,海淀,万柳,18
esf,3室2厅万泉新新家园,25800000.0,150122.0,171.86,3室2厅,万柳,北京,海淀,万柳,18
esf,懋源·璟岳4室2厅豪华装修,25500000.0,122009.0,209.0,4室2厅,万柳,北京,海淀,万柳,18
esf,4室2厅碧水云天2期,33000000.0,181328.0,181.99,4室2厅,万柳,北京,海淀,万柳,18
esf,万泉新新家园 1室0厅1卫 品质小区 格局方正,6500000.0,114075.0,56.98,1室0厅,万柳,北京,海淀,万柳,18
esf,3室2厅万泉新新家园,25800000.0,150122.0,171.86,3室2厅,万柳,北京,海淀,万柳,18
esf,4室2厅万城华府海园,70000000.0,220146.0,317.97,4室2厅,万柳,北京,海淀,万柳,18
esf,3室2厅阳春光华枫树园,14300000.0,111884.0,127.81,3室2厅,万柳,北京,海淀,万柳,18
esf,5室3厅万城华府龙园,100000000.0,253710.0,394.15,5室3厅,万柳,北京,海淀,万柳,18
esf,3室1厅锋尚国际公寓,16800000.0,113116.0,148.52,3室1厅,万柳,北京,海淀,万柳,18
esf,4室1厅碧水云天1期,28000000.0,155538.0,180.02,4室1厅,万柳,北京,海淀,万柳,18
esf,锋尚国际公寓 3室2厅2卫 电梯房 品质小区,14680000.0,118492.0,123.89,3室2厅,万柳,北京,海淀,万柳,18
esf,南北通透涧桥泊屋2室1厅精装修,14500000.0,113993.0,127.2,2室1厅,万柳,北京,海淀,万柳,18
esf,3室2厅阳春光华枫树园,14300000.0,113222.0,126.3,3室2厅,万柳,北京,海淀,万柳,18
esf,"新起点嘉园大平层,精装四居室,业主急售,看房随时",19800000.0,74140.0,267.06,4室1厅,万柳,北京,海淀,万柳,18
esf,2室2厅碧水云天2期,12500000.0,133134.0,93.89,2室2厅,万柳,北京,海淀,万柳,18
esf,万柳 涧桥泊屋 高层三居室 保养好 不临街 一梯两户,26500000.0,170133.0,155.76,3室2厅,万柳,北京,海淀,万柳,18
esf,万城华府海园 345平4居 南北向豪华装修 方便看房,81000000.0,234782.0,345.0,4室2厅,万柳,北京,海淀,万柳,18
esf,5室2厅万城华府海园,98000000.0,261054.0,375.4,5室2厅,万柳,北京,海淀,万柳,18
esf,3室2厅碧水云天2期,21500000.0,153527.0,140.04,3室2厅,万柳,北京,海淀,万柳,18
esf,3室2厅阳春光华枫树园,17000000.0,118178.0,143.85,3室2厅,万柳,北京,海淀,万柳,18
esf,南北通透涧桥泊屋2室1厅精装修,14500000.0,113993.0,127.2,2室1厅,万柳,北京,海淀,万柳,18
esf,万柳书院3室2厅精装修,62000000.0,225192.0,275.32,3室2厅,万柳,北京,海淀,万柳,18
esf,万柳万泉一二层复式带南花园 客厅挑高带车位 满五年税费少,38500000.0,144486.0,266.46,4室2厅,万柳,北京,海淀,万柳,18
esf,3室2厅万泉新新家园,26500000.0,144864.0,182.93,3室2厅,万柳,北京,海淀,万柳,18
esf,4室2厅万泉新新家园,39800000.0,167262.0,237.95,4室2厅,万柳,北京,海淀,万柳,18
esf,康桥水郡3室2厅豪华装修,17800000.0,144715.0,123.0,3室2厅,万柳,北京,海淀,万柳,18
esf,3室2厅万泉新新家园,24400000.0,149693.0,163.0,3室2厅,万柳,北京,海淀,万柳,18
esf,南北通透涧桥泊屋2室1厅精装修,14500000.0,113993.0,127.2,2室1厅,万柳,北京,海淀,万柳,19
esf,南北通透涧桥泊屋3室2厅精装修,26500000.0,170133.0,155.76,3室2厅,万柳,北京,海淀,万柳,19
esf,3室2厅万泉新新家园,26800000.0,167500.0,160.0,3室2厅,万柳,北京,海淀,万柳,19
esf,4室2厅万城华府龙园,76000000.0,247130.0,307.53,4室2厅,万柳,北京,海淀,万柳,19
esf,蜂鸟社区1室1厅精装修,6300000.0,131250.0,48.0,1室1厅,万柳,北京,海淀,万柳,19
esf,2室1厅锋尚国际公寓,12990000.0,131212.0,99.0,2室1厅,万柳,北京,海淀,万柳,19
esf,5室2厅万城华府海园,98000000.0,261054.0,375.4,5室2厅,万柳,北京,海淀,万柳,19
esf,3室2厅阳春光华橡树园,18800000.0,137036.0,137.19,3室2厅,万柳,北京,海淀,万柳,19
esf,碧水云天东区 4室2厅2卫 品质小区 卫生间全明,29500000.0,164905.0,178.89,4室2厅,万柳,北京,海淀,万柳,19
esf,4室2厅万城华府龙园,19500000.0,240562.0,81.06,4室2厅,万柳,北京,海淀,万柳,19
esf,万泉新新家园 4室2厅2卫 品质小区 经典实用,24500000.0,120233.0,203.77,4室2厅,万柳,北京,海淀,万柳,19
esf,3室2厅阳春光华枫树园,14300000.0,113222.0,126.3,3室2厅,万柳,北京,海淀,万柳,19
esf,2室2厅阳春光华枫树园,11000000.0,102803.0,107.0,2室2厅,万柳,北京,海淀,万柳,19
esf,3室2厅碧水云天2期,22600000.0,155411.0,145.42,3室2厅,万柳,北京,海淀,万柳,19
esf,懋源·璟岳4室2厅豪华装修,25500000.0,122009.0,209.0,4室2厅,万柳,北京,海淀,万柳,19
esf,4室2厅万城华府海园,81000000.0,234782.0,345.0,4室2厅,万柳,北京,海淀,万柳,19
esf,3室2厅光大水墨风景,21500000.0,146109.0,147.15,3室2厅,万柳,北京,海淀,万柳,19
esf,"客厅挑高4米,万泉新新4室,错层设计,一家三代居住,带车位。",33990000.0,147776.0,230.01,4室2厅,万柳,北京,海淀,万柳,19
esf,2室2厅万城华府龙园,24000000.0,209442.0,114.59,2室2厅,万柳,北京,海淀,万柳,19
esf,3室2厅碧水云天2期,22600000.0,155411.0,145.42,3室2厅,万柳,北京,海淀,万柳,19
esf,碧水云天客厅三卧全朝南三居室 位置好 中高层 采光视野棒,23500000.0,161689.0,145.34,3室2厅,万柳,北京,海淀,万柳,19
esf,万城华府龙园 5室3厅4卫 南北通透 品质小区,100000000.0,253729.0,394.12,5室3厅,万柳,北京,海淀,万柳,19
esf,2室1厅阳春光华枫树园,9500000.0,103452.0,91.83,2室1厅,万柳,北京,海淀,万柳,19
esf,4室2厅碧水云天2期,33000000.0,181328.0,181.99,4室2厅,万柳,北京,海淀,万柳,19
esf,3室2厅阳春光华枫树园,15850000.0,124803.0,127.0,3室2厅,万柳,北京,海淀,万柳,19
esf,万柳书院5室2厅豪华装修,85000000.0,205497.0,413.63,5室2厅,万柳,北京,海淀,万柳,19
esf,海淀西三环 低密花园洋房 近人大 3室2厅万泉新新家园,26500000.0,144864.0,182.93,3室2厅,海淀,北京,海淀,万柳,19
esf,南北通透康桥水郡3室1厅精装修,16990000.0,133779.0,127.0,3室1厅,万柳,北京,海淀,万柳,19
esf,5室2厅万城华府海园,98000000.0,261054.0,375.4,5室2厅,万柳,北京,海淀,万柳,19
esf,3室2厅碧水云天2期,22600000.0,155411.0,145.42,3室2厅,万柳,北京,海淀,万柳,19
esf,2室2厅锋尚国际公寓,12900000.0,122495.0,105.31,2室2厅,万柳,北京,海淀,万柳,19
esf,3室2厅碧水云天2期,19580000.0,133752.0,146.39,3室2厅,万柳,北京,海淀,万柳,19
esf,新上 橡树园中间楼 南北稀雀大五室 前后不临街户型方正 急售,22800000.0,121179.0,188.15,4室2厅,万柳,北京,海淀,万柳,19
esf,南北通透康桥水郡4室2厅精装修,24300000.0,122597.0,198.21,4室2厅,万柳,北京,海淀,万柳,19
esf,南北通透涧桥泊屋3室2厅精装修,21800000.0,139698.0,156.05,3室2厅,万柳,北京,海淀,万柳,19
esf,2室2厅阳春光华枫树园,11000000.0,102803.0,107.0,2室2厅,万柳,北京,海淀,万柳,19
esf,4室2厅万泉新新家园,31880000.0,132877.0,239.92,4室2厅,万柳,北京,海淀,万柳,19
esf,南北通透康桥水郡4室2厅精装修,24300000.0,122597.0,198.21,4室2厅,万柳,北京,海淀,万柳,19
esf,蜂鸟社区2室1厅精装修,7990000.0,101408.0,78.79,2室1厅,万柳,北京,海淀,万柳,19
esf,涧桥泊屋3室1厅精装修,23800000.0,207082.0,114.93,3室1厅,万柳,北京,海淀,万柳,19
esf,5室3厅万城华府龙园,100000000.0,253710.0,394.15,5室3厅,万柳,北京,海淀,万柳,19
esf,南北通透涧桥泊屋3室2厅精装修,26500000.0,170133.0,155.76,3室2厅,万柳,北京,海淀,万柳,19
esf,2室2厅锋尚国际公寓,12990000.0,121231.0,107.15,2室2厅,万柳,北京,海淀,万柳,19
esf,碧水云天东区 3室2厅2卫 两房朝南 客厅带阳台,19500000.0,141983.0,137.34,3室2厅,万柳,北京,海淀,万柳,19
esf,4室2厅万城华府海园,70000000.0,219690.0,318.63,4室2厅,万柳,北京,海淀,万柳,19
esf,4室2厅万城华府龙园,76000000.0,247130.0,307.53,4室2厅,万柳,北京,海淀,万柳,19
esf,海淀西三环 人车分流社区 精装修 4室2厅阳春光华枫树园,22900000.0,129378.0,177.0,4室2厅,海淀,北京,海淀,万柳,19
esf,3室2厅碧水云天1期,23000000.0,150809.0,152.51,3室2厅,万柳,北京,海淀,万柳,19
esf,3室1厅阳春光华橡树园,18500000.0,134849.0,137.19,3室1厅,万柳,北京,海淀,万柳,19
esf,光大花园2室1厅精装修,9300000.0,100000.0,93.0,2室1厅,万柳,北京,海淀,万柳,19
esf,"光大花园,上下两层,精装修",18990000.0,88593.0,214.35,3室2厅,万柳,北京,海淀,万柳,19
esf,3室2厅碧水云天2期,21500000.0,153527.0,140.04,3室2厅,万柳,北京,海淀,万柳,19
esf,康桥水郡 198.21平4居 南北向精装修 视野无遮挡,24300000.0,122597.0,198.21,4室2厅,万柳,北京,海淀,万柳,19
esf,涧桥泊屋3室2厅精装修,25500000.0,156903.0,162.52,3室2厅,万柳,北京,海淀,万柳,19
esf,南北通透万柳书院3室1厅精装修,54000000.0,247275.0,218.38,3室1厅,万柳,北京,海淀,万柳,19
esf,万柳书院3室2厅精装修,62000000.0,225192.0,275.32,3室2厅,万柳,北京,海淀,万柳,19
esf,康桥水郡2室1厅精装修,11990000.0,101981.0,117.57,2室1厅,万柳,北京,海淀,万柳,19
esf,4室2厅万泉新新家园,28500000.0,130249.0,218.81,4室2厅,万柳,北京,海淀,万柳,19
esf,南北通透万柳书院3室1厅精装修,54000000.0,247275.0,218.38,3室1厅,万柳,北京,海淀,万柳,20
esf,碧水云天西区 3室2厅2卫 经典实用 格局方正,29000000.0,173258.0,167.38,3室2厅,万柳,北京,海淀,万柳,20
esf,光大花园3室2厅精装修,14990000.0,99271.0,151.0,3室2厅,万柳,北京,海淀,万柳,20
esf,2室1厅阳春光华枫树园,9500000.0,103452.0,91.83,2室1厅,万柳,北京,海淀,万柳,20
esf,单独委托我司 万柳蜂鸟社区 满五 诚心出售,5980000.0,129325.0,46.24,1室0厅,万柳,北京,海淀,万柳,20
esf,3室2厅碧水云天2期,17500000.0,139675.0,125.29,3室2厅,万柳,北京,海淀,万柳,20
esf,3室2厅阳春光华橡树园,18800000.0,137036.0,137.19,3室2厅,万柳,北京,海淀,万柳,20
esf,3室2厅碧水云天1期,23000000.0,150189.0,153.14,3室2厅,万柳,北京,海淀,万柳,20
esf,2室2厅锋尚国际公寓,12990000.0,121231.0,107.15,2室2厅,万柳,北京,海淀,万柳,20
esf,4室2厅万城华府海园,70000000.0,220146.0,317.97,4室2厅,万柳,北京,海淀,万柳,20
esf,3室2厅碧水云天1期,18000000.0,131386.0,137.0,3室2厅,万柳,北京,海淀,万柳,20
esf,3室2厅碧水云天2期,21500000.0,153527.0,140.04,3室2厅,万柳,北京,海淀,万柳,20
esf,阳春光华 3室2厅2卫 格局方正 客厅带阳台,20000000.0,132502.0,150.94,3室2厅,万柳,北京,海淀,万柳,20
esf,蜂鸟家园 1室1厅1卫 品质小区 格局方正,6100000.0,126477.0,48.23,1室1厅,万柳,北京,海淀,万柳,20
esf,4室2厅万泉新新家园,39800000.0,167262.0,237.95,4室2厅,万柳,北京,海淀,万柳,20
esf,新起点嘉园3室2厅精装修,16880000.0,106801.0,158.05,3室2厅,万柳,北京,海淀,万柳,20
esf,正南新起点嘉园4室3厅精装修,14000000.0,65752.0,212.92,4室3厅,万柳,北京,海淀,万柳,20
esf,3室2厅碧水云天2期,17200000.0,137281.0,125.29,3室2厅,万柳,北京,海淀,万柳,20
esf,万柳碧水云天 精装两居 东向中层 满五,12980000.0,131111.0,99.0,2室1厅,万柳,北京,海淀,万柳,20
esf,3室1厅锋尚国际公寓,16800000.0,113116.0,148.52,3室1厅,万柳,北京,海淀,万柳,20
esf,3室2厅碧水云天1期,23000000.0,150809.0,152.51,3室2厅,万柳,北京,海淀,万柳,20
esf,阳春光华枫树园 151平3居 东南向精装修 方便看房,16600000.0,109933.0,151.0,3室2厅,万柳,北京,海淀,万柳,20
esf,4室2厅万泉新新家园,32800000.0,127131.0,258.0,4室2厅,万柳,北京,海淀,万柳,20
esf,2室2厅碧水云天2期,12500000.0,133134.0,93.89,2室2厅,万柳,北京,海淀,万柳,20
esf,3室2厅碧水云天2期,17200000.0,137281.0,125.29,3室2厅,万柳,北京,海淀,万柳,20
esf,南北通透万柳书院3室1厅精装修,54000000.0,247275.0,218.38,3室1厅,万柳,北京,海淀,万柳,20
esf,2室2厅锋尚国际公寓,12990000.0,121231.0,107.15,2室2厅,万柳,北京,海淀,万柳,20
esf,南北通透涧桥泊屋4室2厅精装修,31500000.0,172943.0,182.14,4室2厅,万柳,北京,海淀,万柳,20
esf,3室2厅碧水云天2期,22600000.0,155411.0,145.42,3室2厅,万柳,北京,海淀,万柳,20
esf,3室2厅万泉新新家园,24400000.0,149693.0,163.0,3室2厅,万柳,北京,海淀,万柳,20
esf,3室2厅碧水云天1期,19500000.0,141921.0,137.4,3室2厅,万柳,北京,海淀,万柳,20
esf,4室2厅万泉新新家园,32800000.0,127131.0,258.0,4室2厅,万柳,北京,海淀,万柳,20
esf,4室2厅万泉新新家园,39800000.0,167262.0,237.95,4室2厅,万柳,北京,海淀,万柳,20
esf,万柳书院 豪装大平层 东边户 北 三向采光 275平三居,62000000.0,225192.0,275.32,3室2厅,万柳,北京,海淀,万柳,20
esf,2室1厅阳春光华枫树园,9600000.0,104541.0,91.83,2室1厅,万柳,北京,海淀,万柳,20
esf,南北通透康桥水郡4室2厅精装修,24300000.0,122597.0,198.21,4室2厅,万柳,北京,海淀,万柳,20
esf,康桥水郡1室1厅企业推荐房源,7100000.0,144661.0,49.08,1室1厅,万柳,北京,海淀,万柳,20
esf,万柳 康桥水郡 复式五居室 电梯双入户 不临街 性价比高,24300000.0,122597.0,198.21,4室2厅,万柳,北京,海淀,万柳,20
esf,3室2厅万泉新新家园,26800000.0,167500.0,160.0,3室2厅,万柳,北京,海淀,万柳,20
esf,4室2厅碧水云天1期,25680000.0,144043.0,178.28,4室2厅,万柳,北京,海淀,万柳,20
esf,懋源·璟岳4室2厅豪华装修,18900000.0,115335.0,163.87,4室2厅,万柳,北京,海淀,万柳,20
esf,万泉新新CEO城市官邸三卧朝南满五年税费少带车位,54000000.0,172111.0,313.75,4室3厅,万柳,北京,海淀,万柳,20
esf,4室2厅万城华府海园,70000000.0,219690.0,318.63,4室2厅,万柳,北京,海淀,万柳,20
esf,2室2厅万城华府龙园,24000000.0,209442.0,114.59,2室2厅,万柳,北京,海淀,万柳,20
esf,4室2厅碧水云天2期,33000000.0,181328.0,181.99,4室2厅,万柳,北京,海淀,万柳,20
esf,"在寂静中品味,在喧闹中生活,此房安闲舒适,是您的选择!",43000000.0,140983.0,305.0,7室2厅,万柳,北京,海淀,万柳,20
esf,5室2厅碧水云天2期,35000000.0,148405.0,235.84,5室2厅,万柳,北京,海淀,万柳,20
esf,新起点嘉园3室2厅精装修,16880000.0,106801.0,158.05,3室2厅,万柳,北京,海淀,万柳,20
esf,4室2厅碧水云天1期,30000000.0,167700.0,178.89,4室2厅,万柳,北京,海淀,万柳,20
esf,4室2厅万城华府海园,81000000.0,234782.0,345.0,4室2厅,万柳,北京,海淀,万柳,20
esf,4室2厅万泉新新家园,50500000.0,160981.0,313.7,4室2厅,万柳,北京,海淀,万柳,20
esf,南北通透涧桥泊屋3室2厅精装修,26500000.0,170133.0,155.76,3室2厅,万柳,北京,海淀,万柳,20
esf,4室2厅碧水云天2期,33000000.0,181328.0,181.99,4室2厅,万柳,北京,海淀,万柳,20
esf,光大花园 3室2厅2卫 格局方正 品质小区,15800000.0,115336.0,136.99,3室2厅,万柳,北京,海淀,万柳,20
esf,"新上高层赏花尚景观水溪,彩光好餐客厅分离南北三居 含车位急售",25000000.0,166433.0,150.21,3室2厅,万柳,北京,海淀,万柳,20
esf,3室2厅万泉新新家园,18500000.0,135204.0,136.83,3室2厅,万柳,北京,海淀,万柳,20
esf,4室2厅万泉新新家园,50500000.0,160981.0,313.7,4室2厅,万柳,北京,海淀,万柳,20
esf,4室2厅锋尚国际公寓,21990000.0,141870.0,155.0,4室2厅,万柳,北京,海淀,万柳,20
esf,南北通透康桥水郡2室2厅精装修,17400000.0,136652.0,127.33,2室2厅,万柳,北京,海淀,万柳,20
